TaxID,Chromosomes/RefSeq,,,,,,,,,,,,,
511145,NC_000913.3,,,,,,,,,,,,,
272947,NC_000963.1,,,,,,,,,,,,,
224308,NC_000964.3,,,,,,,,,,,,,
243230,NC_001263.1,NC_001264.1,,,,,,,,,,,,
-,NC_001263.1,,,,,,,,,,,,,
160492,NC_002488.3,,,,,,,,,,,,,
208964,NC_002516.2,,,,,,,,,,,,,
272558,NC_002570.2,,,,,,,,,,,,,
273075,NC_002578.1,,,,,,,,,,,,,
155864,NC_002655.2,,,,,,,,,,,,,
266835,NC_002678.2,,,,,,,,,,,,,
273116,NC_002689.2,,,,,,,,,,,,,
386585,NC_002695.1,,,,,,,,,,,,,
190650,NC_002696.2,,,,,,,,,,,,,
257310,NC_002927.3,,,,,,,,,,,,,
243164,NC_002936.3,,,,,,,,,,,,,
882,NC_002937.3,,,,,,,,,,,,,
243231,NC_002939.5,,,,,,,,,,,,,
272624,NC_002942.5,,,,,,,,,,,,,
262316,NC_002944.2,,,,,,,,,,,,,
160488,NC_002947.3,,,,,,,,,,,,,
227377,NC_002971.3,,,,,,,,,,,,,
265669,NC_002973.6,,,,,,,,,,,,,
272562,NC_003030.1,,,,,,,,,,,,,
266834,NC_003047.1,,,,,,,,,,,,,
176299,NC_003062.2,NC_003063.2,,,,,,,,,,,,
214092,NC_003143.1,,,,,,,,,,,,,
227882,NC_003155.4,,,,,,,,,,,,,
99287,NC_003197.1,,,,,,,,,,,,,
220341,NC_003198.1,,,,,,,,,,,,,
169963,NC_003210.1,,,,,,,,,,,,,
272626,NC_003212.1,,,,,,,,,,,,,
103690,NC_003272.1,,,,,,,,,,,,,
267608,NC_003295.1,,,,,,,,,,,,,
224914,NC_003318.1,NC_003317.1,,,,,,,,,,,,
227941,NC_003361.3,,,,,,,,,,,,,
195102,NC_003366.1,,,,,,,,,,,,,
196627,NC_003450.3,,,,,,,,,,,,,
188937,NC_003552.1,,,,,,,,,,,,,
100226,NC_003888.3,,,,,,,,,,,,,
192952,NC_003901.1,,,,,,,,,,,,,
190485,NC_003902.1,,,,,,,,,,,,,
222523,NC_003909.8,,,,,,,,,,,,,
198094,NC_003997.3,,,,,,,,,,,,,
220664,NC_004129.6,,,,,,,,,,,,,
221109,NC_004193.1,,,,,,,,,,,,,
189518,NC_004342.2,NC_004343.2,,,,,,,,,,,,
211586,NC_004347.2,,,,,,,,,,,,,
196164,NC_004369.1,,,,,,,,,,,,,
224911,NC_004463.1,,,,,,,,,,,,,
218491,NC_004547.2,,,,,,,,,,,,,
218496,NC_004551.1,,,,,,,,,,,,,
183190,NC_004556.1,,,,,,,,,,,,,
212717,NC_004557.1,,,,,,,,,,,,,
203267,NC_004572.3,,,,,,,,,,,,,
-,NC_004572.3,,,,,,,,,,,,,
223283,NC_004578.1,,,,,,,,,,,,,
209261,NC_004631.1,,,,,,,,,,,,,
226186,NC_004663.1,,,,,,,,,,,,,
226900,NC_004722.1,,,,,,,,,,,,,
228410,NC_004757.1,,,,,,,,,,,,,
243365,NC_005085.1,,,,,,,,,,,,,
251221,NC_005125.1,,,,,,,,,,,,,
243265,NC_005126.1,,,,,,,,,,,,,
258594,NC_005296.1,,,,,,,,,,,,,
264462,NC_005363.1,,,,,,,,,,,,,
-,NC_005363.1,,,,,,,,,,,,,
264730,NC_005773.3,,,,,,,,,,,,,
-,NC_005773.3,,,,,,,,,,,,,
267671,NC_005824.1,NC_005823.1,,,,,,,,,,,,
264201,NC_005861.1,,,,,,,,,,,,,
263820,NC_005877.1,,,,,,,,,,,,,
260799,NC_005945.1,,,,,,,,,,,,,
281309,NC_005957.1,,,,,,,,,,,,,
62977,NC_005966.1,,,,,,,,,,,,,
5478,NC_005967.2,NC_005968.1,NC_006026.1,NC_006027.1,NC_006028.2,NC_006029.1,NC_006030.1,NC_006031.1,NC_006032.2,NC_006033.2,NC_006034.2,NC_006035.2,NC_006036.2,NC_004691.1
28985,NC_006037.1,NC_006038.1,NC_006039.1,NC_006040.1,NC_006041.1,NC_006042.1,NC_006077.1,,,,,,,
284592,NC_006043.2,NC_006044.2,NC_006045.2,NC_006046.2,NC_006047.2,NC_006048.2,NC_006049.2,NC_010166.1,,,,,,
273123,NC_006155.1,,,,,,,,,,,,,
292459,NC_006177.1,,,,,,,,,,,,,
279010,NC_006270.3,,,,,,,,,,,,,
288681,NC_006274.1,,,,,,,,,,,,,
-,NC_006274.1,,,,,,,,,,,,,
279010,NC_006322.1,,,,,,,,,,,,,
272560,NC_006350.1,NC_006351.1,,,,,,,,,,,,
247156,NC_006361.1,,,,,,,,,,,,,
297246,NC_006368.1,,,,,,,,,,,,,
297245,NC_006369.1,,,,,,,,,,,,,
295319,NC_006511.1,,,,,,,,,,,,,
76114,NC_006513.1,,,,,,,,,,,,,
66692,NC_006582.1,,,,,,,,,,,,,
69014,NC_006624.1,,,,,,,,,,,,,
214684,NC_006670.1,NC_006684.1,NC_006685.1,NC_006686.1,NC_006687.1,NC_006691.1,NC_006692.1,NC_006693.1,NC_006694.1,NC_006679.1,NC_006680.1,NC_006681.1,NC_006682.1,NC_006683.1
302409,NC_006831.1,,,,,,,,,,,,,
291331,NC_006834.1,,,,,,,,,,,,,
321314,NC_006905.1,,,,,,,,,,,,,
262698,NC_006933.1,NC_006932.1,,,,,,,,,,,,
196627,NC_006958.1,,,,,,,,,,,,,
205918,NC_007005.1,,,,,,,,,,,,,
314565,NC_007086.1,,,,,,,,,,,,,
306537,NC_007164.1,,,,,,,,,,,,,
279808,NC_007168.1,,,,,,,,,,,,,
259536,NC_007204.1,,,,,,,,,,,,,
159087,NC_007298.1,,,,,,,,,,,,,
269800,NC_007333.1,,,,,,,,,,,,,
264198,NC_007347.1,NC_007348.1,,,,,,,,,,,,
342451,NC_007350.1,,,,,,,,,,,,,
269797,NC_007355.1,,,,,,,,,,,,,
255470,NC_007356.1,,,,,,,,,,,,,
292415,NC_007404.1,,,,,,,,,,,,,
323098,NC_007406.1,,,,,,,,,,,,,
320372,NC_007434.1,NC_007435.1,,,,,,,,,,,,
205922,NC_007492.2,,,,,,,,,,,,,
272943,NC_007494.2,NC_007493.2,,,,,,,,,,,,
338963,NC_007498.2,,,,,,,,,,,,,
316273,NC_007508.1,,,,,,,,,,,,,
482957,NC_007511.1,NC_007510.1,NC_007509.1,,,,,,,,,,,
319225,NC_007512.1,,,,,,,,,,,,,
340177,NC_007514.1,,,,,,,,,,,,,
269799,NC_007517.1,,,,,,,,,,,,,
207559,NC_007519.1,,,,,,,,,,,,,
261594,NC_007530.2,,,,,,,,,,,,,
300268,NC_007613.1,,,,,,,,,,,,,
323848,NC_007614.1,,,,,,,,,,,,,
359391,NC_007618.1,NC_007624.1,,,,,,,,,,,,
269796,NC_007643.1,,,,,,,,,,,,,
264732,NC_007644.1,,,,,,,,,,,,,
271848,NC_007651.1,NC_007650.1,,,,,,,,,,,,
339860,NC_007681.1,,,,,,,,,,,,,
290397,NC_007760.1,,,,,,,,,,,,,
347834,NC_007761.1,,,,,,,,,,,,,
321327,NC_007775.1,,,,,,,,,,,,,
106370,NC_007777.1,,,,,,,,,,,,,
316058,NC_007778.1,,,,,,,,,,,,,
279238,NC_007794.1,,,,,,,,,,,,,
222891,NC_007798.1,,,,,,,,,,,,,
376619,NC_007880.1,,,,,,,,,,,,,
138119,NC_007907.1,,,,,,,,,,,,,
316056,NC_007925.1,,,,,,,,,,,,,
265072,NC_007947.1,,,,,,,,,,,,,
296591,NC_007948.1,,,,,,,,,,,,,
266265,NC_007951.1,NC_007952.1,NC_007953.1,,,,,,,,,,,
316057,NC_007958.1,,,,,,,,,,,,,
290398,NC_007963.1,,,,,,,,,,,,,
323097,NC_007964.1,,,,,,,,,,,,,
335284,NC_007969.1,,,,,,,,,,,,,
266264,NC_007973.1,,,,,,,,,,,,,
204669,NC_008009.1,,,,,,,,,,,,,
384676,NC_008027.1,,,,,,,,,,,,,
246197,NC_008095.1,,,,,,,,,,,,,
164756,NC_008146.1,,,,,,,,,,,,,
266117,NC_008148.1,,,,,,,,,,,,,
377628,NC_008149.1,,,,,,,,,,,,,
360102,NC_008150.1,,,,,,,,,,,,,
393115,NC_008245.1,,,,,,,,,,,,,
266779,NC_008254.1,,,,,,,,,,,,,
269798,NC_008255.1,,,,,,,,,,,,,
195103,NC_008261.1,,,,,,,,,,,,,
289380,NC_008265.1,NC_008262.1,,,,,,,,,,,,
101510,NC_008268.1,,,,,,,,,,,,,
326424,NC_008278.1,,,,,,,,,,,,,
381666,NC_008314.1,NC_008313.1,,,,,,,,,,,,
391165,NC_008343.1,,,,,,,,,,,,,
216596,NC_008380.1,,,,,,,,,,,,,
339670,NC_008392.1,NC_008390.1,NC_008391.1,,,,,,,,,,,
316055,NC_008435.1,,,,,,,,,,,,,
208963,NC_008463.1,,,,,,,,,,,,,
387344,NC_008497.1,,,,,,,,,,,,,
355276,NC_008508.1,NC_008509.1,,,,,,,,,,,,
355277,NC_008510.1,NC_008511.1,,,,,,,,,,,,
234267,NC_008536.1,,,,,,,,,,,,,
290399,NC_008541.1,,,,,,,,,,,,,
331272,NC_008543.1,NC_008542.1,NC_008544.1,,,,,,,,,,,
386043,NC_008555.1,,,,,,,,,,,,,
94122,NC_008577.1,,,,,,,,,,,,,
386415,NC_008593.1,,,,,,,,,,,,,
243243,NC_008595.1,,,,,,,,,,,,,
246196,NC_008596.1,,,,,,,,,,,,,
338966,NC_008609.1,,,,,,,,,,,,,
362242,NC_008611.1,,,,,,,,,,,,,
290317,NC_008639.1,,,,,,,,,,,,,
318586,NC_008687.1,NC_008686.1,,,,,,,,,,,,
196162,NC_008699.1,,,,,,,,,,,,,
326297,NC_008700.1,,,,,,,,,,,,,
62928,NC_008702.1,,,,,,,,,,,,,
189918,NC_008705.1,,,,,,,,,,,,,
314724,NC_008710.1,,,,,,,,,,,,,
290340,NC_008711.1,,,,,,,,,,,,,
351348,NC_008740.1,,,,,,,,,,,,,
397945,NC_008752.1,,,,,,,,,,,,,
365044,NC_008781.1,,,,,,,,,,,,,
232721,NC_008782.1,,,,,,,,,,,,,
391735,NC_008786.1,,,,,,,,,,,,,
349124,NC_008789.1,,,,,,,,,,,,,
393305,NC_008800.1,,,,,,,,,,,,,
420662,NC_008825.1,,,,,,,,,,,,,
203119,NC_009012.1,,,,,,,,,,,,,
349101,NC_009050.1,NC_009049.1,,,,,,,,,,,,
320373,NC_009075.1,NC_009074.1,,,,,,,,,,,,
164757,NC_009077.1,,,,,,,,,,,,,
357348,NC_009078.1,NC_009076.1,,,,,,,,,,,,
405948,NC_009142.1,,,,,,,,,,,,,
269482,NC_009254.1,NC_009256.1,NC_009255.1,,,,,,,,,,,
420246,NC_009328.1,,,,,,,,,,,,,
350054,NC_009338.1,,,,,,,,,,,,,
340322,NC_009342.1,,,,,,,,,,,,,
369723,NC_009380.1,,,,,,,,,,,,,
349102,NC_009428.1,,,,,,,,,,,,,
379731,NC_009434.1,,,,,,,,,,,,,
399742,NC_009436.1,,,,,,,,,,,,,
319224,NC_009438.1,,,,,,,,,,,,,
399739,NC_009439.1,,,,,,,,,,,,,
376686,NC_009441.1,,,,,,,,,,,,,
114615,NC_009445.1,,,,,,,,,,,,,
216389,NC_009455.1,,,,,,,,,,,,,
351160,NC_009464.1,,,,,,,,,,,,,
443906,NC_009480.1,,,,,,,,,,,,,
351605,NC_009483.1,,,,,,,,,,,,,
349163,NC_009484.1,,,,,,,,,,,,,
288000,NC_009485.1,,,,,,,,,,,,,
400673,NC_009494.2,,,,,,,,,,,,,
413999,NC_009495.1,,,,,,,,,,,,,
444178,NC_009504.1,NC_009505.1,,,,,,,,,,,,
392499,NC_009511.1,,,,,,,,,,,,,
351746,NC_009512.1,,,,,,,,,,,,,
420247,NC_009515.1,,,,,,,,,,,,,
349106,NC_009524.1,,,,,,,,,,,,,
336982,NC_009565.1,,,,,,,,,,,,,
402612,NC_009613.3,,,,,,,,,,,,,
290402,NC_009617.1,,,,,,,,,,,,,
366394,NC_009636.1,,,,,,,,,,,,,
272620,NC_009648.1,,,,,,,,,,,,,
400668,NC_009654.1,,,,,,,,,,,,,
381754,NC_009656.1,,,,,,,,,,,,,
375286,NC_009659.1,,,,,,,,,,,,,
266940,NC_009664.2,,,,,,,,,,,,,
439375,NC_009667.1,NC_009668.1,,,,,,,,,,,,
315749,NC_009674.1,,,,,,,,,,,,,
404589,NC_009675.1,,,,,,,,,,,,,
441771,NC_009698.1,,,,,,,,,,,,,
431943,NC_009706.1,,,,,,,,,,,,,
456442,NC_009712.1,,,,,,,,,,,,,
-,NC_009712.1,,,,,,,,,,,,,
360105,NC_009715.1,,,,,,,,,,,,,
78245,NC_009720.1,,,,,,,,,,,,,
326423,NC_009725.1,,,,,,,,,,,,,
290338,NC_009792.1,,,,,,,,,,,,,
360104,NC_009802.1,,,,,,,,,,,,,
399741,NC_009832.1,,,,,,,,,,,,,
315750,NC_009848.1,,,,,,,,,,,,,
298653,NC_009921.1,,,,,,,,,,,,,
96561,NC_009943.1,,,,,,,,,,,,,
391037,NC_009953.1,,,,,,,,,,,,,
316274,NC_009972.1,,,,,,,,,,,,,
357809,NC_010001.1,,,,,,,,,,,,,
398578,NC_010002.1,,,,,,,,,,,,,
395019,NC_010084.1,NC_010087.1,NC_010086.1,,,,,,,,,,,
483179,NC_010103.1,NC_010104.1,,,,,,,,,,,,
272568,NC_010125.1,,,,,,,,,,,,,
448385,NC_010162.1,,,,,,,,,,,,,
441768,NC_010163.1,,,,,,,,,,,,,
288705,NC_010168.1,,,,,,,,,,,,,
470137,NC_010169.1,NC_010167.1,,,,,,,,,,,,
94624,NC_010170.1,,,,,,,,,,,,,
419610,NC_010172.1,,,,,,,,,,,,,
315730,NC_010184.1,,,,,,,,,,,,,
399726,NC_010320.1,,,,,,,,,,,,,
340099,NC_010321.1,,,,,,,,,,,,,
76869,NC_010322.1,,,,,,,,,,,,,
484022,NC_010336.1,,,,,,,,,,,,,
498761,NC_010337.2,,,,,,,,,,,,,
366602,NC_010338.1,,,,,,,,,,,,,
444177,NC_010382.1,,,,,,,,,,,,,
477974,NC_010424.1,,,,,,,,,,,,,
502800,NC_010465.1,,,,,,,,,,,,,
481805,NC_010468.1,,,,,,,,,,,,,
316385,NC_010473.1,,,,,,,,,,,,,
390235,NC_010501.1,,,,,,,,,,,,,
426355,NC_010505.1,,,,,,,,,,,,,
-,NC_010508.1,,,,,,,,,,,,,
426117,NC_010511.1,,,,,,,,,,,,,
406425,NC_010515.1,NC_010508.1,NC_010512.1,,,,,,,,,,,
498213,NC_010516.1,,,,,,,,,,,,,
498214,NC_010520.1,,,,,,,,,,,,,
395495,NC_010524.1,,,,,,,,,,,,,
977880,NC_010530.1,NC_010528.1,,,,,,,,,,,,
398577,NC_010551.1,NC_010552.1,NC_010557.1,,,,,,,,,,,
529507,NC_010554.1,,,,,,,,,,,,,
262543,NC_010556.1,,,,,,,,,,,,,
452637,NC_010571.1,,,,,,,,,,,,,
455632,NC_010572.1,,,,,,,,,,,,,
405441,NC_010577.1,,,,,,,,,,,,,
395963,NC_010581.1,,,,,,,,,,,,,
456481,NC_010602.1,NC_010843.1,,,,,,,,,,,,
378753,NC_010617.1,,,,,,,,,,,,,
391038,NC_010622.1,NC_010623.1,,,,,,,,,,,,
63737,NC_010628.1,,,,,,,,,,,,,
502801,NC_010634.1,,,,,,,,,,,,,
398527,NC_010676.1,NC_010681.1,,,,,,,,,,,,
441952,NC_010677.1,,,,,,,,,,,,,
402626,NC_010678.1,NC_010682.1,,,,,,,,,,,,
340,NC_010688.1,,,,,,,,,,,,,
465817,NC_010694.1,,,,,,,,,,,,,
441620,NC_010725.1,,,,,,,,,,,,,
436114,NC_010730.1,,,,,,,,,,,,,
481448,NC_010794.1,,,,,,,,,,,,,
395019,NC_010805.1,NC_010801.1,NC_010804.1,,,,,,,,,,,
398767,NC_010814.1,,,,,,,,,,,,,
355278,NC_010842.1,NC_010845.1,,,,,,,,,,,,
522373,NC_010943.1,,,,,,,,,,,,,
491916,NC_010994.1,,,,,,,,,,,,,
498211,NC_010995.1,,,,,,,,,,,,,
395960,NC_011004.1,,,,,,,,,,,,,
391008,NC_011071.1,,,,,,,,,,,,,
423368,NC_011080.1,,,,,,,,,,,,,
454169,NC_011083.1,,,,,,,,,,,,,
439843,NC_011094.1,,,,,,,,,,,,,
447217,NC_011145.1,,,,,,,,,,,,,
404380,NC_011146.1,,,,,,,,,,,,,
454166,NC_011149.1,,,,,,,,,,,,,
439851,NC_011205.1,,,,,,,,,,,,,
272568,NC_011365.1,,,,,,,,,,,,,
395492,NC_011369.1,,,,,,,,,,,,,
504832,NC_011386.1,,,,,,,,,,,,,
405534,NC_011658.1,,,,,,,,,,,,,
552536,NC_011660.1,,,,,,,,,,,,,
85643,NC_011662.2,,,,,,,,,,,,,
395965,NC_011666.1,,,,,,,,,,,,,
405532,NC_011725.1,,,,,,,,,,,,,
41431,NC_011726.1,,,,,,,,,,,,,
65393,NC_011729.1,,,,,,,,,,,,,
440085,NC_011757.1,,,,,,,,,,,,,
243159,NC_011761.1,,,,,,,,,,,,,
883,NC_011769.1,,,,,,,,,,,,,
557722,NC_011770.1,,,,,,,,,,,,,
-,NC_011770.1,,,,,,,,,,,,,
405531,NC_011772.1,,,,,,,,,,,,,
405535,NC_011773.1,,,,,,,,,,,,,
272564,NC_011830.1,,,,,,,,,,,,,
521011,NC_011832.1,,,,,,,,,,,,,
583346,NC_011837.1,,,,,,,,,,,,,
557723,NC_011852.1,,,,,,,,,,,,,
395961,NC_011884.1,,,,,,,,,,,,,
452863,NC_011886.1,,,,,,,,,,,,,
455488,NC_011891.1,,,,,,,,,,,,,
460265,NC_011894.1,,,,,,,,,,,,,
394503,NC_011898.1,,,,,,,,,,,,,
565050,NC_011916.1,,,,,,,,,,,,,
557760,NC_011958.1,NC_011963.1,,,,,,,,,,,,
361100,NC_011969.1,,,,,,,,,,,,,
316067,NC_011979.1,,,,,,,,,,,,,
311403,NC_011985.1,NC_011983.1,,,,,,,,,,,,
311402,NC_011988.1,NC_011989.1,,,,,,,,,,,,
535289,NC_011992.1,,,,,,,,,,,,,
218495,NC_012004.1,,,,,,,,,,,,,
306263,NC_012039.1,,,,,,,,,,,,,
-,NC_012039.1,,,,,,,,,,,,,
561275,NC_012207.1,,,,,,,,,,,,,
634499,NC_012214.1,,,,,,,,,,,,,
204536,NC_012438.1,,,,,,,,,,,,,
572264,NC_012472.1,,,,,,,,,,,,,
240015,NC_012483.1,,,,,,,,,,,,,
568819,NC_012488.1,,,,,,,,,,,,,
379066,NC_012489.1,,,,,,,,,,,,,
358681,NC_012491.1,,,,,,,,,,,,,
632772,NC_012522.1,,,,,,,,,,,,,
546414,NC_012526.1,,,,,,,,,,,,,
322710,NC_012560.1,,,,,,,,,,,,,
536232,NC_012563.1,,,,,,,,,,,,,
568206,NC_012581.1,,,,,,,,,,,,,
394,NC_012587.1,,,,,,,,,,,,,
427318,NC_012632.1,,,,,,,,,,,,,
515621,NC_012658.1,,,,,,,,,,,,,
592021,NC_012659.1,,,,,,,,,,,,,
216595,NC_012660.1,,,,,,,,,,,,,
471853,NC_012669.1,,,,,,,,,,,,,
360911,NC_012673.1,,,,,,,,,,,,,
626418,NC_012724.2,NC_012721.2,,,,,,,,,,,,
426118,NC_012726.1,,,,,,,,,,,,,
484021,NC_012731.1,,,,,,,,,,,,,
515620,NC_012778.1,,,,,,,,,,,,,
543728,NC_012792.1,NC_012791.1,,,,,,,,,,,,
573370,NC_012796.1,,,,,,,,,,,,,
465515,NC_012803.1,,,,,,,,,,,,,
395491,NC_012850.1,,,,,,,,,,,,,
428406,NC_012856.1,NC_012857.1,,,,,,,,,,,,
526222,NC_012881.1,,,,,,,,,,,,,
469008,NC_012892.2,,,,,,,,,,,,,
561229,NC_012912.1,,,,,,,,,,,,,
324057,NC_012914.1,,,,,,,,,,,,,
561230,NC_012917.1,,,,,,,,,,,,,
443144,NC_012918.1,,,,,,,,,,,,,
568814,NC_012926.1,,,,,,,,,,,,,
866768,NC_012947.1,,,,,,,,,,,,,
413997,NC_012967.1,,,,,,,,,,,,,
469008,NC_012971.2,,,,,,,,,,,,,
661410,NC_012988.1,,,,,,,,,,,,,
662598,NC_013016.1,,,,,,,,,,,,,
485917,NC_013061.1,,,,,,,,,,,,,
531844,NC_013062.1,,,,,,,,,,,,,
559295,NC_013077.1,NC_013078.1,NC_013079.1,NC_013080.1,NC_013081.1,NC_013082.1,NC_013083.1,NC_013084.1,,,,,,
568815,NC_013118.1,NC_013119.1,,,,,,,,,,,,
479433,NC_013131.1,,,,,,,,,,,,,
485918,NC_013132.1,,,,,,,,,,,,,
471857,NC_013159.1,,,,,,,,,,,,,
395962,NC_013161.1,,,,,,,,,,,,,
446465,NC_013172.1,,,,,,,,,,,,,
525897,NC_013173.1,,,,,,,,,,,,,
522306,NC_013194.1,,,,,,,,,,,,,
485914,NC_013202.1,,,,,,,,,,,,,
634452,NC_013209.1,,,,,,,,,,,,,
622759,NC_013355.1,,,,,,,,,,,,,
481743,NC_013406.1,,,,,,,,,,,,,
561231,NC_013421.1,,,,,,,,,,,,,
543891,NC_013446.2,,,,,,,,,,,,,
471852,NC_013510.1,,,,,,,,,,,,,
525898,NC_013512.1,,,,,,,,,,,,,
525904,NC_013526.1,NC_013525.1,,,,,,,,,,,,
446471,NC_013530.1,,,,,,,,,,,,,
-,NC_013530.1,,,,,,,,,,,,,
311424,NC_013552.1,,,,,,,,,,,,,
590409,NC_013592.1,,,,,,,,,,,,,
479432,NC_013595.1,,,,,,,,,,,,,
304371,NC_013665.1,,,,,,,,,,,,,
380358,NC_013722.1,,,,,,,,,,,,,
479435,NC_013729.1,,,,,,,,,,,,,
504472,NC_013730.1,,,,,,,,,,,,,
469383,NC_013739.1,,,,,,,,,,,,,
543526,NC_013743.1,,,,,,,,,,,,,
526225,NC_013757.1,,,,,,,,,,,,,
653938,NC_013766.2,NC_013766.2,,,,,,,,,,,,
637381,NC_013768.1,,,,,,,,,,,,,
398511,NC_013791.2,,,,,,,,,,,,,
608538,NC_013799.1,,,,,,,,,,,,,
640131,NC_013850.1,,,,,,,,,,,,,
137722,NC_013854.1,,,,,,,,,,,,,
661367,NC_013861.1,,,,,,,,,,,,,
633145,NC_013890.1,,,,,,,,,,,,,
683837,NC_013891.1,,,,,,,,,,,,,
406818,NC_013892.1,,,,,,,,,,,,,
580331,NC_013921.1,,,,,,,,,,,,,
680198,NC_013929.1,,,,,,,,,,,,,
701177,NC_013941.1,,,,,,,,,,,,,
522772,NC_013943.1,,,,,,,,,,,,,
446470,NC_013947.1,,,,,,,,,,,,,
706191,NC_013956.2,,,,,,,,,,,,,
665029,NC_013961.1,,,,,,,,,,,,,
309800,NC_013967.1,,,,,,,,,,,,,
716540,NC_013971.1,,,,,,,,,,,,,
240292,NC_014000.1,NC_007413.1,,,,,,,,,,,,
547558,NC_014002.1,,,,,,,,,,,,,
452662,NC_014013.1,NC_014006.1,,,,,,,,,,,,
545693,NC_014019.1,,,,,,,,,,,,,
272942,NC_014034.1,,,,,,,,,,,,,
509190,NC_014100.1,,,,,,,,,,,,,
592022,NC_014103.1,,,,,,,,,,,,,
640511,NC_014117.1,NC_014118.1,NC_014119.1,,,,,,,,,,,
716541,NC_014121.1,,,,,,,,,,,,,
423212,NC_014125.1,,,,,,,,,,,,,
426114,NC_014145.1,,,,,,,,,,,,,
446466,NC_014151.1,,,,,,,,,,,,,
75379,NC_014153.1,,,,,,,,,,,,,
521096,NC_014158.1,,,,,,,,,,,,,
572480,NC_014166.1,,,,,,,,,,,,,
714359,NC_014171.1,,,,,,,,,,,,,
446468,NC_014210.1,NC_014211.1,,,,,,,,,,,,
754252,NC_014215.1,,,,,,,,,,,,,
639283,NC_014217.1,,,,,,,,,,,,,
406817,NC_014228.1,,,,,,,,,,,,,
551115,NC_014248.1,,,,,,,,,,,,,
436717,NC_014259.1,,,,,,,,,,,,,
634500,NC_014306.1,,,,,,,,,,,,,
859656,NC_014307.1,,,,,,,,,,,,,
859657,NC_014311.1,,,,,,,,,,,,,
582899,NC_014313.1,,,,,,,,,,,,,
552811,NC_014314.1,,,,,,,,,,,,,
749927,NC_014318.1,,,,,,,,,,,,,
762550,NC_014319.1,,,,,,,,,,,,,
757424,NC_014323.1,,,,,,,,,,,,,
748727,NC_014328.1,,,,,,,,,,,,,
759914,NC_014330.1,,,,,,,,,,,,,
637380,NC_014335.1,,,,,,,,,,,,,
573413,NC_014364.1,,,,,,,,,,,,,
644282,NC_014365.1,,,,,,,,,,,,,
644283,NC_014391.1,,,,,,,,,,,,,
573061,NC_014393.1,,,,,,,,,,,,,
395494,NC_014394.1,,,,,,,,,,,,,
655816,NC_014479.1,,,,,,,,,,,,,
349520,NC_014483.1,,,,,,,,,,,,,
198628,NC_014500.1,,,,,,,,,,,,,
497965,NC_014501.1,,,,,,,,,,,,,
679926,NC_014507.1,,,,,,,,,,,,,
768066,NC_014532.1,,,,,,,,,,,,,
573062,NC_014538.1,,,,,,,,,,,,,
640512,NC_014539.1,NC_014540.1,,,,,,,,,,,,
692420,NC_014551.1,,,,,,,,,,,,,
712898,NC_014562.1,,,,,,,,,,,,,
1511,NC_014614.1,,,,,,,,,,,,,
701347,NC_014618.1,,,,,,,,,,,,,
886882,NC_014622.1,,,,,,,,,,,,,
378806,NC_014623.1,,,,,,,,,,,,,
880591,NC_014625.1,,,,,,,,,,,,,
572544,NC_014632.1,,,,,,,,,,,,,
720555,NC_014639.1,,,,,,,,,,,,,
762376,NC_014640.1,,,,,,,,,,,,,
656519,NC_014654.1,,,,,,,,,,,,,
649349,NC_014655.1,,,,,,,,,,,,,
523846,NC_014658.1,,,,,,,,,,,,,
685727,NC_014659.1,,,,,,,,,,,,,
298654,NC_014666.1,,,,,,,,,,,,,
882378,NC_014722.1,,,,,,,,,,,,,
887061,NC_014733.1,,,,,,,,,,,,,
694427,NC_014734.1,,,,,,,,,,,,,
278137,NC_014814.1,,,,,,,,,,,,,
648999,NC_014815.1,,,,,,,,,,,,,
573065,NC_014816.1,NC_014817.1,,,,,,,,,,,,
649639,NC_014829.1,,,,,,,,,,,,,
644966,NC_014831.1,,,,,,,,,,,,,
697329,NC_014833.1,,,,,,,,,,,,,
652103,NC_014834.1,,,,,,,,,,,,,
592316,NC_014837.1,,,,,,,,,,,,,
643562,NC_014844.1,,,,,,,,,,,,,
596153,NC_014910.1,,,,,,,,,,,,,
765698,NC_014923.1,,,,,,,,,,,,,
743721,NC_014924.1,,,,,,,,,,,,,
595537,NC_014931.1,,,,,,,,,,,,,
709986,NC_014958.1,,,,,,,,,,,,,
765177,NC_014961.1,,,,,,,,,,,,,
401053,NC_014963.1,,,,,,,,,,,,,
577650,NC_014972.1,,,,,,,,,,,,,
443143,NC_014973.1,,,,,,,,,,,,,
936156,NC_014976.1,,,,,,,,,,,,,
741091,NC_015061.1,,,,,,,,,,,,,
1198114,NC_015064.1,,,,,,,,,,,,,
640510,NC_015137.1,NC_015136.1,,,,,,,,,,,,
643561,NC_015138.1,,,,,,,,,,,,,
930171,NC_015145.1,,,,,,,,,,,,,
985053,NC_015151.1,,,,,,,,,,,,,
693977,NC_015161.1,,,,,,,,,,,,,
867900,NC_015167.1,,,,,,,,,,,,,
762903,NC_015177.1,,,,,,,,,,,,,
926570,NC_015186.1,,,,,,,,,,,,,
877455,NC_015216.1,,,,,,,,,,,,,
153948,NC_015222.1,,,,,,,,,,,,,
991905,NC_015259.1,,,,,,,,,,,,,
743722,NC_015277.1,,,,,,,,,,,,,
675635,NC_015312.1,,,,,,,,,,,,,
999630,NC_015315.1,,,,,,,,,,,,,
999541,NC_015376.1,NC_015381.1,,,,,,,,,,,,
994484,NC_015379.1,,,,,,,,,,,,,
1001585,NC_015410.1,,,,,,,,,,,,,
596154,NC_015422.1,,,,,,,,,,,,,
929506,NC_015425.1,,,,,,,,,,,,,
1007064,NC_015433.1,,,,,,,,,,,,,
1005058,NC_015460.1,,,,,,,,,,,,,
342949,NC_015474.1,,,,,,,,,,,,,
861208,NC_015508.1,NC_015183.1,,,,,,,,,,,,
590998,NC_015514.1,,,,,,,,,,,,,
697281,NC_015520.1,,,,,,,,,,,,,
743720,NC_015556.1,,,,,,,,,,,,,
742013,NC_015563.1,,,,,,,,,,,,,
443218,NC_015564.1,,,,,,,,,,,,,
868595,NC_015565.1,,,,,,,,,,,,,
768490,NC_015566.1,,,,,,,,,,,,,
768492,NC_015567.1,,,,,,,,,,,,,
857087,NC_015572.1,,,,,,,,,,,,,
760568,NC_015573.1,,,,,,,,,,,,,
545695,NC_015577.1,,,,,,,,,,,,,
545694,NC_015578.1,,,,,,,,,,,,,
702113,NC_015580.1,,,,,,,,,,,,,
696281,NC_015589.1,,,,,,,,,,,,,
693982,NC_015591.1,NC_015590.1,NC_015596.1,,,,,,,,,,,
690566,NC_015593.1,NC_015594.1,,,,,,,,,,,,
650150,NC_015601.1,,,,,,,,,,,,,
941639,NC_015634.1,,,,,,,,,,,,,
1032480,NC_015635.1,,,,,,,,,,,,,
656024,NC_015656.1,,,,,,,,,,,,,
536019,NC_015675.1,,,,,,,,,,,,,
679901,NC_015676.1,,,,,,,,,,,,,
365046,NC_015677.1,,,,,,,,,,,,,
945712,NC_015683.1,,,,,,,,,,,,,
504832,NC_015684.1,,,,,,,,,,,,,
991791,NC_015687.1,,,,,,,,,,,,,
1036673,NC_015690.1,,,,,,,,,,,,,
573569,NC_015696.1,,,,,,,,,,,,,
688269,NC_015707.1,,,,,,,,,,,,,
717785,NC_015717.1,,,,,,,,,,,,,
1042878,NC_015726.1,NC_015723.1,,,,,,,,,,,,
1042876,NC_015733.1,,,,,,,,,,,,,
979982,NC_015734.1,,,,,,,,,,,,,
96563,NC_015740.1,,,,,,,,,,,,,
1051632,NC_015757.1,,,,,,,,,,,,,
572418,NC_015758.1,,,,,,,,,,,,,
860228,NC_015846.1,,,,,,,,,,,,,
1053692,NC_015847.1,,,,,,,,,,,,,
1005048,NC_015856.1,,,,,,,,,,,,,
520461,NC_015857.1,NC_015858.1,,,,,,,,,,,,
858619,NC_015859.1,,,,,,,,,,,,,
743299,NC_015942.1,,,,,,,,,,,,,
868597,NC_015947.1,,,,,,,,,,,,,
862751,NC_015953.1,,,,,,,,,,,,,
653045,NC_015957.1,,,,,,,,,,,,,
640513,NC_015968.1,,,,,,,,,,,,,
627192,NC_015976.1,,,,,,,,,,,,,
1034807,NC_016001.1,,,,,,,,,,,,,
748280,NC_016002.1,,,,,,,,,,,,,
345219,NC_016023.1,,,,,,,,,,,,,
981222,NC_016024.1,NC_016025.1,,,,,,,,,,,,
856793,NC_016026.1,,,,,,,,,,,,,
1052585,NC_016047.1,,,,,,,,,,,,,
768679,NC_016070.1,,,,,,,,,,,,,
452652,NC_016109.1,,,,,,,,,,,,,
1003195,NC_016111.1,,,,,,,,,,,,,
591167,NC_016114.1,,,,,,,,,,,,,
1045855,NC_016147.2,,,,,,,,,,,,,
580340,NC_016148.1,,,,,,,,,,,,,
573729,NC_016472.1,NC_016473.1,NC_016474.1,NC_016475.1,NC_016476.1,NC_016477.1,NC_016478.1,,,,,,,
1041826,NC_016510.2,,,,,,,,,,,,,
1045856,NC_016514.1,,,,,,,,,,,,,
749414,NC_016582.1,,,,,,,,,,,,,
768706,NC_016584.1,,,,,,,,,,,,,
871585,NC_016603.1,,,,,,,,,,,,,
710685,NC_016604.1,,,,,,,,,,,,,
700598,NC_016609.1,,,,,,,,,,,,,
1006551,NC_016612.1,,,,,,,,,,,,,
640081,NC_016616.1,,,,,,,,,,,,,
1064539,NC_016617.1,,,,,,,,,,,,,
862908,NC_016620.1,,,,,,,,,,,,,
862719,NC_016622.1,,,,,,,,,,,,,
1097668,NC_016625.1,NC_016589.1,NC_016590.1,,,,,,,,,,,
720554,NC_016627.1,,,,,,,,,,,,,
690850,NC_016629.1,,,,,,,,,,,,,
682795,NC_016631.1,,,,,,,,,,,,,
985665,NC_016641.1,,,,,,,,,,,,,
334406,NC_016771.1,,,,,,,,,,,,,
347495,NC_016779.1,,,,,,,,,,,,,
1114958,NC_016784.1,,,,,,,,,,,,,
698971,NC_016790.1,,,,,,,,,,,,,
698973,NC_016800.1,,,,,,,,,,,,,
698963,NC_016801.1,,,,,,,,,,,,,
933093,NC_016811.1,,,,,,,,,,,,,
1117943,NC_016812.1,,,,,,,,,,,,,
1123863,NC_016816.1,,,,,,,,,,,,,
1069533,NC_016826.1,,,,,,,,,,,,,
1114970,NC_016830.1,,,,,,,,,,,,,
1081093,NC_016831.1,,,,,,,,,,,,,
1132507,NC_016832.1,,,,,,,,,,,,,
1125630,NC_016845.1,,,,,,,,,,,,,
568708,NC_016854.1,,,,,,,,,,,,,
588858,NC_016856.1,,,,,,,,,,,,,
909946,NC_016857.1,,,,,,,,,,,,,
718274,NC_016860.1,,,,,,,,,,,,,
990282,NC_016863.1,,,,,,,,,,,,,
679936,NC_016884.1,,,,,,,,,,,,,
-,NC_016884.1,,,,,,,,,,,,,
1127134,NC_016887.1,,,,,,,,,,,,,
-,NC_016888.1,,,,,,,,,,,,,
931626,NC_016894.1,,,,,,,,,,,,,
1112204,NC_016906.1,,,,,,,,,,,,,
1116391,NC_016935.1,,,,,,,,,,,,,
1146883,NC_016943.1,,,,,,,,,,,,,
487521,NC_016946.1,,,,,,,,,,,,,
1138382,NC_016947.1,,,,,,,,,,,,,
1138383,NC_016948.1,,,,,,,,,,,,,
1144275,NC_017030.1,,,,,,,,,,,,,
1117942,NC_017031.1,,,,,,,,,,,,,
1041930,NC_017034.1,,,,,,,,,,,,,
1008297,NC_017046.1,,,,,,,,,,,,,
1151116,NC_017047.1,,,,,,,,,,,,,
1150469,NC_017059.1,,,,,,,,,,,,,
1155777,NC_017061.1,,,,,,,,,,,,,
335659,NC_017082.1,,,,,,,,,,,,,
512565,NC_017093.1,,,,,,,,,,,,,
1162668,NC_017094.1,,,,,,,,,,,,,
771875,NC_017095.1,,,,,,,,,,,,,
634453,NC_017100.1,,,,,,,,,,,,,
634459,NC_017108.1,,,,,,,,,,,,,
634457,NC_017111.1,,,,,,,,,,,,,
634454,NC_017121.1,,,,,,,,,,,,,
-,NC_017121.1,,,,,,,,,,,,,
634455,NC_017125.1,,,,,,,,,,,,,
1006007,NC_017138.1,,,,,,,,,,,,,
634456,NC_017146.1,,,,,,,,,,,,,
634458,NC_017150.1,,,,,,,,,,,,,
608538,NC_017161.1,,,,,,,,,,,,,
1035377,NC_017168.1,,,,,,,,,,,,,
713604,NC_017186.1,,,,,,,,,,,,,
999891,NC_017188.1,,,,,,,,,,,,,
1001582,NC_017190.1,,,,,,,,,,,,,
1034836,NC_017191.1,,,,,,,,,,,,,
1052588,NC_017195.1,,,,,,,,,,,,,
645657,NC_017196.2,NC_017196.2,,,,,,,,,,,,
930170,NC_017200.1,,,,,,,,,,,,,
541229,NC_017208.1,,,,,,,,,,,,,
703352,NC_017246.1,NC_017247.1,,,,,,,,,,,,
1037409,NC_017249.1,,,,,,,,,,,,,
930943,NC_017275.1,,,,,,,,,,,,,
930945,NC_017276.1,,,,,,,,,,,,,
863638,NC_017295.1,,,,,,,,,,,,,
941968,NC_017299.1,,,,,,,,,,,,,
679896,NC_017300.1,,,,,,,,,,,,,
-,NC_017300.1,,,,,,,,,,,,,
573059,NC_017310.1,,,,,,,,,,,,,
945711,NC_017317.1,,,,,,,,,,,,,
698936,NC_017322.1,,,,,,,,,,,,,
707241,NC_017325.1,,,,,,,,,,,,,
759362,NC_017384.1,,,,,,,,,,,,,
644651,NC_017390.1,,,,,,,,,,,,,
215689,NC_017445.1,,,,,,,,,,,,,
676032,NC_017449.1,,,,,,,,,,,,,
984129,NC_017450.1,,,,,,,,,,,,,
663917,NC_017454.1,,,,,,,,,,,,,
563174,NC_017529.1,,,,,,,,,,,,,
931281,NC_017530.1,,,,,,,,,,,,,
932677,NC_017531.1,,,,,,,,,,,,,
996285,NC_017532.1,,,,,,,,,,,,,
1030009,NC_017537.1,,,,,,,,,,,,,
1052684,NC_017542.1,,,,,,,,,,,,,
393133,NC_017544.1,,,,,,,,,,,,,
393130,NC_017545.1,,,,,,,,,,,,,
393126,NC_017546.1,,,,,,,,,,,,,
393127,NC_017547.1,,,,,,,,,,,,,
941193,NC_017548.1,,,,,,,,,,,,,
1089456,NC_017549.1,,,,,,,,,,,,,
573825,NC_017552.1,NC_017551.1,,,,,,,,,,,,
1095774,NC_017554.1,,,,,,,,,,,,,
859655,NC_017559.1,,,,,,,,,,,,,
399804,NC_017566.1,,,,,,,,,,,,,
768493,NC_017573.1,,,,,,,,,,,,,
1031711,NC_017574.1,,,,,,,,,,,,,
1003195,NC_017586.1,,,,,,,,,,,,,
566546,NC_017635.1,,,,,,,,,,,,,
1033813,NC_017644.1,,,,,,,,,,,,,
885276,NC_017651.1,,,,,,,,,,,,,
566546,NC_017664.1,,,,,,,,,,,,,
866895,NC_017668.1,,,,,,,,,,,,,
1163399,NC_017671.1,,,,,,,,,,,,,
997761,NC_017672.3,,,,,,,,,,,,,
768494,NC_017729.1,,,,,,,,,,,,,
1127744,NC_017743.1,,,,,,,,,,,,,
1133850,NC_017765.1,,,,,,,,,,,,,
929556,NC_017770.1,,,,,,,,,,,,,
745776,NC_017790.1,,,,,,,,,,,,,
134676,NC_017803.1,,,,,,,,,,,,,
1166016,NC_017845.1,,,,,,,,,,,,,
1037911,NC_017911.1,,,,,,,,,,,,,
1126211,NC_017912.1,,,,,,,,,,,,,
416344,NC_017921.1,NC_017922.1,NC_017920.1,,,,,,,,,,,
477641,NC_017955.1,,,,,,,,,,,,,
1036672,NC_017964.1,,,,,,,,,,,,,
231023,NC_017986.1,,,,,,,,,,,,,
1185652,NC_018000.1,,,,,,,,,,,,,
760154,NC_018002.1,,,,,,,,,,,,,
926566,NC_018014.1,,,,,,,,,,,,,
756499,NC_018017.1,,,,,,,,,,,,,
710421,NC_018027.1,,,,,,,,,,,,,
1196835,NC_018028.1,,,,,,,,,,,,,
1002809,NC_018065.1,,,,,,,,,,,,,
646529,NC_018068.1,,,,,,,,,,,,,
1104326,NC_018079.1,,,,,,,,,,,,,
1093787,NC_018080.1,,,,,,,,,,,,,
91891,NC_018139.1,,,,,,,,,,,,,
91891,NC_018140.1,,,,,,,,,,,,,
83332,NC_018143.2,,,,,,,,,,,,,
1198627,NC_018150.2,NC_018150.2,,,,,,,,,,,,
1123519,NC_018177.1,,,,,,,,,,,,,
1196325,NC_018220.1,,,,,,,,,,,,,
713604,NC_018266.1,,,,,,,,,,,,,
246196,NC_018289.1,,,,,,,,,,,,,
187303,NC_018485.1,,,,,,,,,,,,,
1217984,NC_018491.1,,,,,,,,,,,,,
1218175,NC_018500.1,,,,,,,,,,,,,
1217737,NC_018508.1,,,,,,,,,,,,,
1009846,NC_018513.1,NC_018514.1,,,,,,,,,,,,
768704,NC_018515.1,,,,,,,,,,,,,
1218933,NC_018525.1,,,,,,,,,,,,,
1229785,NC_018529.1,NC_018527.1,,,,,,,,,,,,
337191,NC_018581.1,,,,,,,,,,,,,
882095,NC_018584.1,,,,,,,,,,,,,
879088,NC_018585.1,,,,,,,,,,,,,
879089,NC_018586.1,,,,,,,,,,,,,
-,NC_018586.1,,,,,,,,,,,,,
932919,NC_018587.1,,,,,,,,,,,,,
932920,NC_018588.1,,,,,,,,,,,,,
882020,NC_018589.1,,,,,,,,,,,,,
863767,NC_018591.1,,,,,,,,,,,,,
879090,NC_018593.1,,,,,,,,,,,,,
1228997,NC_018609.1,,,,,,,,,,,,,
1218358,NC_018624.1,,,,,,,,,,,,,
882094,NC_018642.1,,,,,,,,,,,,,
1048260,NC_018649.1,,,,,,,,,,,,,
1128398,NC_018664.1,,,,,,,,,,,,,
1229205,NC_018672.1,NC_018695.1,,,,,,,,,,,,
1133849,NC_018681.1,,,,,,,,,,,,,
1195464,NC_018693.1,,,,,,,,,,,,,
1230587,NC_018700.1,,,,,,,,,,,,,
698758,NC_018704.1,,,,,,,,,,,,,
358220,NC_018708.1,,,,,,,,,,,,,
1201032,NC_018709.2,,,,,,,,,,,,,
-,NC_018709.2,,,,,,,,,,,,,
953739,NC_018750.1,,,,,,,,,,,,,
1147129,NC_018866.1,,,,,,,,,,,,,
1131462,NC_018867.1,,,,,,,,,,,,,
1094980,NC_018876.1,,,,,,,,,,,,,
527021,NC_018877.1,,,,,,,,,,,,,
568707,NC_019382.1,,,,,,,,,,,,,
1069642,NC_019567.1,,,,,,,,,,,,,
1207075,NC_019670.1,,,,,,,,,,,,,
1179773,NC_019673.1,,,,,,,,,,,,,
317936,NC_019676.1,,,,,,,,,,,,,
373994,NC_019678.1,,,,,,,,,,,,,
195253,NC_019680.1,,,,,,,,,,,,,
111781,NC_019683.1,,,,,,,,,,,,,
118163,NC_019689.1,,,,,,,,,,,,,
56110,NC_019693.1,,,,,,,,,,,,,
251229,NC_019695.1,,,,,,,,,,,,,
82654,NC_019701.1,,,,,,,,,,,,,
1173263,NC_019702.1,,,,,,,,,,,,,
1173025,NC_019703.1,,,,,,,,,,,,,
179408,NC_019729.1,,,,,,,,,,,,,
1173027,NC_019738.1,,,,,,,,,,,,,
1173026,NC_019745.1,,,,,,,,,,,,,
111780,NC_019748.1,,,,,,,,,,,,,
56107,NC_019757.1,,,,,,,,,,,,,
755178,NC_019776.1,,,,,,,,,,,,,
292563,NC_019778.1,,,,,,,,,,,,,
13035,NC_019780.1,,,,,,,,,,,,,
937777,NC_019793.1,,,,,,,,,,,,,
-,NC_019793.1,,,,,,,,,,,,,
1225788,NC_019842.1,,,,,,,,,,,,,
1235461,NC_019845.1,,,,,,,,,,,,,
886293,NC_019892.1,,,,,,,,,,,,,
717605,NC_019897.1,,,,,,,,,,,,,
871963,NC_019903.1,,,,,,,,,,,,,
644801,NC_019936.1,,,,,,,,,,,,,
754035,NC_019973.1,,,,,,,,,,,,,
698761,NC_020059.1,,,,,,,,,,,,,
1138877,NC_020089.1,,,,,,,,,,,,,
1278073,NC_020126.1,,,,,,,,,,,,,
1121335,NC_020134.1,,,,,,,,,,,,,
1194526,NC_020164.1,,,,,,,,,,,,,
1104325,NC_020207.1,,,,,,,,,,,,,
1282356,NC_020209.1,,,,,,,,,,,,,
1233873,NC_020210.1,,,,,,,,,,,,,
435998,NC_020211.1,,,,,,,,,,,,,
1279365,NC_020238.1,,,,,,,,,,,,,
1233100,NC_020244.1,,,,,,,,,,,,,
1091041,NC_020272.1,,,,,,,,,,,,,
931276,NC_020291.1,,,,,,,,,,,,,
1121362,NC_020302.1,,,,,,,,,,,,,
1286404,NC_020376.1,,,,,,,,,,,,,
1193807,NC_020386.1,,,,,,,,,,,,,
1193806,NC_020387.1,,,,,,,,,,,,,
543913,NC_020417.1,,,,,,,,,,,,,
1124991,NC_020418.1,,,,,,,,,,,,,
1245469,NC_020453.1,,,,,,,,,,,,,
1214101,NC_020504.1,,,,,,,,,,,,,
1121353,NC_020506.1,,,,,,,,,,,,,
1147161,NC_020507.1,,,,,,,,,,,,,
748247,NC_020516.1,,,,,,,,,,,,,
1204414,NC_020519.1,,,,,,,,,,,,,
1313172,NC_020520.1,,,,,,,,,,,,,
1286640,NC_020528.1,,,,,,,,,,,,,
666685,NC_020541.1,,,,,,,,,,,,,
745310,NC_020561.1,,,,,,,,,,,,,
1262456,NC_020799.1,,,,,,,,,,,,,
349215,NC_020812.1,,,,,,,,,,,,,
1184267,NC_020813.1,,,,,,,,,,,,,
1294143,NC_020829.1,,,,,,,,,,,,,
1302650,NC_020832.1,,,,,,,,,,,,,
1121335,NC_020887.2,,,,,,,,,,,,,
1203460,NC_020895.1,,,,,,,,,,,,,
1280938,NC_020912.1,,,,,,,,,,,,,
457425,NC_020990.1,,,,,,,,,,,,,
717962,NC_021009.1,,,,,,,,,,,,,
718255,NC_021012.1,,,,,,,,,,,,,
657313,NC_021015.1,,,,,,,,,,,,,
657309,NC_021017.1,,,,,,,,,,,,,
1265601,NC_021055.1,,,,,,,,,,,,,
1241935,NC_021058.1,,,,,,,,,,,,,
1286170,NC_021066.1,,,,,,,,,,,,,
1283330,NC_021149.1,,,,,,,,,,,,,
1283331,NC_021150.1,,,,,,,,,,,,,
666686,NC_021171.1,,,,,,,,,,,,,
670307,NC_021172.1,,,,,,,,,,,,,
1249661,NC_021174.1,NC_021173.1,,,,,,,,,,,,
527001,NC_021176.1,,,,,,,,,,,,,
-,NC_021177.1,,,,,,,,,,,,,
1303692,NC_021177.1,,,,,,,,,,,,,
86416,NC_021182.1,,,,,,,,,,,,,
767817,NC_021184.1,,,,,,,,,,,,,
649831,NC_021191.1,,,,,,,,,,,,,
1199187,NC_021200.1,,,,,,,,,,,,,
1124983,NC_021237.1,,,,,,,,,,,,,
766760,NC_021362.1,,,,,,,,,,,,,
1303518,NC_021487.1,,,,,,,,,,,,,
1331671,NC_021491.1,,,,,,,,,,,,,
1166130,NC_021500.1,,,,,,,,,,,,,
1340851,NC_021577.1,,,,,,,,,,,,,
682634,NC_021591.1,,,,,,,,,,,,,
333146,NC_021592.1,,,,,,,,,,,,,
1254432,NC_021658.1,,,,,,,,,,,,,
1348660,NC_021659.1,,,,,,,,,,,,,
1200352,NC_021663.1,,,,,,,,,,,,,
1096995,NC_021726.1,,,,,,,,,,,,,
1096997,NC_021729.1,,,,,,,,,,,,,
1096996,NC_021733.1,,,,,,,,,,,,,
1346614,NC_021741.1,,,,,,,,,,,,,
930781,NC_021829.1,,,,,,,,,,,,,
930782,NC_021830.1,,,,,,,,,,,,,
754503,NC_021831.1,,,,,,,,,,,,,
877468,NC_021902.1,,,,,,,,,,,,,
1328306,NC_021905.1,,,,,,,,,,,,,
1214242,NC_021985.1,,,,,,,,,,,,,
1266738,NC_022000.1,,,,,,,,,,,,,
1367847,NC_022041.1,,,,,,,,,,,,,
1345697,NC_022080.4,,,,,,,,,,,,,
1150476,NC_022081.1,,,,,,,,,,,,,
1136179,NC_022115.1,,,,,,,,,,,,,
1221524,NC_022116.1,,,,,,,,,,,,,
1246301,NC_022247.1,NC_022234.1,,,,,,,,,,,,
1194085,NC_022443.1,,,,,,,,,,,,,
1366050,NC_022515.1,NC_022514.1,NC_022513.1,,,,,,,,,,,
1244085,NC_022566.1,,,,,,,,,,,,,
1345695,NC_022571.1,,,,,,,,,,,,,
1412898,NC_022653.1,,,,,,,,,,,,,
1246995,NC_022657.1,,,,,,,,,,,,,
1358410,NC_022660.1,,,,,,,,,,,,,
557599,NC_022663.1,,,,,,,,,,,,,
69328,NC_022738.1,,,,,,,,,,,,,
1415784,NC_022781.1,,,,,,,,,,,,,
1343740,NC_022785.1,,,,,,,,,,,,,
1399115,NC_022794.1,,,,,,,,,,,,,
1219084,NC_022795.1,,,,,,,,,,,,,
529122,NC_022873.1,,,,,,,,,,,,,
1416914,NC_022904.1,NC_022904.1,,,,,,,,,,,,
1388758,NC_022964.1,,,,,,,,,,,,,
1029756,NC_022997.1,,,,,,,,,,,,,
1415629,NC_023019.1,,,,,,,,,,,,,
700508,NC_023036.2,NC_023036.2,,,,,,,,,,,,
1429244,NC_023037.1,,,,,,,,,,,,,
1216976,NC_023061.1,,,,,,,,,,,,,
1415630,NC_023064.1,,,,,,,,,,,,,
1415165,NC_023073.1,,,,,,,,,,,,,
1435044,NC_023075.1,,,,,,,,,,,,,
1435058,NC_023076.1,,,,,,,,,,,,,
1427342,NC_023149.1,,,,,,,,,,,,,
527021,NZ_CM000747.1,,,,,,,,,,,,,
355249,NZ_CM001165.1,,,,,,,,,,,,,
1260626,NZ_CM001763.1,,,,,,,,,,,,,
313624,NZ_CM001793.1,,,,,,,,,,,,,
1300225,NZ_CM002025.1,NZ_CM002024.1,,,,,,,,,,,,
1219375,NZ_CM002139.1,,,,,,,,,,,,,
931223,NZ_CM002177.1,,,,,,,,,,,,,
1457195,NZ_CM002755.1,,,,,,,,,,,,,
1394180,NZ_CM002757.1,,,,,,,,,,,,,
1289591,NZ_CM002793.1,,,,,,,,,,,,,
682633,NZ_CM002796.1,,,,,,,,,,,,,
-,NZ_CP003181.1,,,,,,,,,,,,,
1352355,NZ_CP006728.1,,,,,,,,,,,,,
1408273,NZ_CP006983.1,,,,,,,,,,,,,
93220,NZ_CP007506.1,,,,,,,,,,,,,