#Organism/Name,Chromosomes/RefSeq,,,,,,,,,,,,,
Candidatus Methanoregula boonei 6A8,NC_009712.1,,,,,,,,,,,,,
Sulfolobus islandicus M.16.27,NC_012632.1,,,,,,,,,,,,,
Sulfolobus islandicus M.16.4,NC_012726.1,,,,,,,,,,,,,
Desulfurococcus mucosus DSM 2162,NC_014961.1,,,,,,,,,,,,,
Vulcanisaeta moutnovskia 768-28,NC_015151.1,,,,,,,,,,,,,
Thermoproteus uzoniensis 768-20,NC_015315.1,,,,,,,,,,,,,
Thermoproteus tenax Kra 1,NC_016070.1,,,,,,,,,,,,,
Sulfolobus islandicus HVE10/4,NC_017275.1,,,,,,,,,,,,,
Sulfolobus islandicus REY15A,NC_017276.1,,,,,,,,,,,,,
Sulfolobus islandicus LAL14/1,NC_021058.1,,,,,,,,,,,,,
Thermoplasma acidophilum DSM 1728,NC_002578.1,,,,,,,,,,,,,
Thermoplasma volcanium GSS1,NC_002689.2,,,,,,,,,,,,,
Methanosarcina acetivorans C2A,NC_003552.1,,,,,,,,,,,,,
Methanosarcina mazei Go1,NC_003901.1,,,,,,,,,,,,,
Picrophilus torridus DSM 9790,NC_005877.1,,,,,,,,,,,,,
Thermococcus kodakarensis KOD1,NC_006624.1,,,,,,,,,,,,,
Methanosarcina barkeri str. Fusaro,NC_007355.1,,,,,,,,,,,,,
Methanosphaera stadtmanae DSM 3091,NC_007681.1,,,,,,,,,,,,,
Methanocella arvoryzae MRE50,NC_009464.1,,,,,,,,,,,,,
Methanobrevibacter smithii ATCC 35061,NC_009515.1,,,,,,,,,,,,,
Methanoregula boonei 6A8,NC_009712.1,,,,,,,,,,,,,
Methanosphaerula palustris E1-9c,NC_011832.1,,,,,,,,,,,,,
Halomicrobium mukohataei DSM 12286,NC_013202.1,,,,,,,,,,,,,
Methanocella paludicola SANAE,NC_013665.1,,,,,,,,,,,,,
Haloterrigena turkmenica DSM 5511,NC_013743.1,,,,,,,,,,,,,
Haloferax volcanii DS2,NC_013967.1,,,,,,,,,,,,,
Methanohalophilus mahii DSM 5219,NC_014002.1,,,,,,,,,,,,,
Methanoplanus petrolearius DSM 11571,NC_014507.1,,,,,,,,,,,,,
Methanothermus fervidus DSM 2088,NC_014658.1,,,,,,,,,,,,,
Methanobacterium lacus,NC_015216.1,,,,,,,,,,,,,
Pyrococcus sp. NA2,NC_015474.1,,,,,,,,,,,,,
Methanosalsum zhilinae DSM 4017,NC_015676.1,,,,,,,,,,,,,
Methanococcus maripaludis X1,NC_015847.1,,,,,,,,,,,,,
Methanocella conradii HZ254,NC_017034.1,,,,,,,,,,,,,
Methanolobus psychrophilus R15,NC_018876.1,,,,,,,,,,,,,
Ferroplasma acidarmanus fer1,NC_021592.1,,,,,,,,,,,,,
Mycobacterium avium subsp. paratuberculosis K-10,NC_002944.2,,,,,,,,,,,,,
Streptomyces avermitilis MA-4680 = NBRC 14893,NC_003155.4,,,,,,,,,,,,,
Corynebacterium glutamicum ATCC 13032,NC_003450.3,,,,,,,,,,,,,
Streptomyces coelicolor A3(2),NC_003888.3,,,,,,,,,,,,,
Corynebacterium efficiens YS-314,NC_004369.1,,,,,,,,,,,,,
Tropheryma whipplei TW08/27,NC_004551.1,,,,,,,,,,,,,
Tropheryma whipplei str. Twist,NC_004572.3,,,,,,,,,,,,,
Tropheryma whipplei str. Twist,NC_004572.3,,,,,,,,,,,,,
Nocardia farcinica IFM 10152,NC_006361.1,,,,,,,,,,,,,
Corynebacterium glutamicum ATCC 13032,NC_006958.1,,,,,,,,,,,,,
Corynebacterium jeikeium K411,NC_007164.1,,,,,,,,,,,,,
Thermobifida fusca YX,NC_007333.1,,,,,,,,,,,,,
Frankia sp. CcI3,NC_007777.1,,,,,,,,,,,,,
Mycobacterium sp. MCS,NC_008146.1,,,,,,,,,,,,,
Rubrobacter xylanophilus DSM 9941,NC_008148.1,,,,,,,,,,,,,
Rhodococcus jostii RHA1,NC_008268.1,,,,,,,,,,,,,
Frankia alni ACN14a,NC_008278.1,,,,,,,,,,,,,
Arthrobacter sp. FB24,NC_008541.1,,,,,,,,,,,,,
Mycobacterium avium 104,NC_008595.1,,,,,,,,,,,,,
Mycobacterium smegmatis str. MC2 155,NC_008596.1,,,,,,,,,,,,,
Mycobacterium ulcerans Agy99,NC_008611.1,,,,,,,,,,,,,
Nocardioides sp. JS614,NC_008699.1,,,,,,,,,,,,,
Mycobacterium sp. KMS,NC_008705.1,,,,,,,,,,,,,
Arthrobacter aurescens TC1,NC_008711.1,,,,,,,,,,,,,
Mycobacterium sp. JLS,NC_009077.1,,,,,,,,,,,,,
Saccharopolyspora erythraea NRRL 2338,NC_009142.1,,,,,,,,,,,,,
Mycobacterium gilvum PYR-GCK,NC_009338.1,,,,,,,,,,,,,
Corynebacterium glutamicum R,NC_009342.1,,,,,,,,,,,,,
Salinispora tropica CNB-440,NC_009380.1,,,,,,,,,,,,,
Clavibacter michiganensis subsp. michiganensis NCPPB 382,NC_009480.1,,,,,,,,,,,,,
Mycobacterium tuberculosis F11,NC_009565.1,,,,,,,,,,,,,
Kineococcus radiotolerans SRS30216 = ATCC BAA-149,NC_009664.2,,,,,,,,,,,,,
Frankia sp. EAN1pec,NC_009921.1,,,,,,,,,,,,,
Salinispora arenicola CNS-205,NC_009953.1,,,,,,,,,,,,,
Renibacterium salmoninarum ATCC 33209,NC_010168.1,,,,,,,,,,,,,
Streptomyces griseus subsp. griseus NBRC 13350,NC_010572.1,,,,,,,,,,,,,
Kocuria rhizophila DC2201,NC_010617.1,,,,,,,,,,,,,
Arthrobacter chlorophenolicus A6,NC_011886.1,,,,,,,,,,,,,
Mycobacterium bovis BCG str. Tokyo 172,NC_012207.1,,,,,,,,,,,,,
Rhodococcus opacus B4,NC_012522.1,,,,,,,,,,,,,
Beutenbergia cavernae DSM 12333,NC_012669.1,,,,,,,,,,,,,
Micrococcus luteus NCTC 2665,NC_012803.1,,,,,,,,,,,,,
Catenulispora acidiphila DSM 44928,NC_013131.1,,,,,,,,,,,,,
Saccharomonospora viridis DSM 43017,NC_013159.1,,,,,,,,,,,,,
Brachybacterium faecium DSM 4810,NC_013172.1,,,,,,,,,,,,,
Thermomonospora curvata DSM 43183,NC_013510.1,,,,,,,,,,,,,
Xylanimonas cellulosilytica DSM 15894,NC_013530.1,,,,,,,,,,,,,
Xylanimonas cellulosilytica DSM 15894,NC_013530.1,,,,,,,,,,,,,
Streptosporangium roseum DSM 43021,NC_013595.1,,,,,,,,,,,,,
Kribbella flavida DSM 17836,NC_013729.1,,,,,,,,,,,,,
Conexibacter woesei DSM 14684,NC_013739.1,,,,,,,,,,,,,
Geodermatophilus obscurus DSM 43160,NC_013757.1,,,,,,,,,,,,,
Streptomyces scabiei 87.22,NC_013929.1,,,,,,,,,,,,,
Stackebrandtia nassauensis DSM 44728,NC_013947.1,,,,,,,,,,,,,
Cellulomonas flavigena DSM 20109,NC_014151.1,,,,,,,,,,,,,
Tsukamurella paurometabola DSM 20162,NC_014158.1,,,,,,,,,,,,,
Nocardiopsis dassonvillei subsp. dassonvillei DSM 43111,NC_014210.1,NC_014211.1,,,,,,,,,,,,
Propionibacterium freudenreichii subsp. shermanii CIRM-BIA1,NC_014215.1,,,,,,,,,,,,,
Amycolatopsis mediterranei U32,NC_014318.1,,,,,,,,,,,,,
Micromonospora aurantiaca ATCC 27029,NC_014391.1,,,,,,,,,,,,,
Rhodococcus equi 103S,NC_014659.1,,,,,,,,,,,,,
Frankia sp. EuI1c,NC_014666.1,,,,,,,,,,,,,
Mycobacterium gilvum Spyr1,NC_014814.1,,,,,,,,,,,,,
Micromonospora sp. L5,NC_014815.1,,,,,,,,,,,,,
Arthrobacter phenanthrenivorans Sphe3,NC_015145.1,,,,,,,,,,,,,
Pseudonocardia dioxanivorans CB1190,NC_015312.1,,,,,,,,,,,,,
Cellulomonas fimi ATCC 484,NC_015514.1,,,,,,,,,,,,,
Amycolicicoccus subflavus DQS3-9A1,NC_015564.1,,,,,,,,,,,,,
Microlunatus phosphovorus NM-1,NC_015635.1,,,,,,,,,,,,,
Frankia symbiont of Datisca glomerata,NC_015656.1,,,,,,,,,,,,,
Corynebacterium ulcerans BR-AD22,NC_015683.1,,,,,,,,,,,,,
Mycobacterium africanum GM041182,NC_015758.1,,,,,,,,,,,,,
Corynebacterium variabile DSM 44702,NC_015859.1,,,,,,,,,,,,,
Streptomyces sp. SirexAA-E,NC_015953.1,,,,,,,,,,,,,
Streptomyces violaceusniger Tu 4113,NC_015957.1,,,,,,,,,,,,,
Kitasatospora setae KM-6054,NC_016109.1,,,,,,,,,,,,,
Streptomyces cattleya NRRL 8057 = DSM 46488,NC_016111.1,,,,,,,,,,,,,
Streptomyces pratensis ATCC 33331,NC_016114.1,,,,,,,,,,,,,
Streptomyces bingchenggensis BCW-1,NC_016582.1,,,,,,,,,,,,,
Mycobacterium rhodesiae NBB3,NC_016604.1,,,,,,,,,,,,,
Corynebacterium diphtheriae VA01,NC_016790.1,,,,,,,,,,,,,
Corynebacterium diphtheriae BH8,NC_016800.1,,,,,,,,,,,,,
Corynebacterium diphtheriae C7 (beta),NC_016801.1,,,,,,,,,,,,,
Nocardia cyriacigeorgica GUH-2,NC_016887.1,,,,,,,,,,,,,
Gordonia polyisoprenivorans VH2,NC_016906.1,,,,,,,,,,,,,
Blastococcus saxobsidens DD2,NC_016943.1,,,,,,,,,,,,,
Mycobacterium intracellulare ATCC 13950,NC_016946.1,,,,,,,,,,,,,
Mycobacterium intracellulare MOTT-02,NC_016947.1,,,,,,,,,,,,,
Mycobacterium intracellulare MOTT-64,NC_016948.1,,,,,,,,,,,,,
Corynebacterium pseudotuberculosis P54B96,NC_017031.1,,,,,,,,,,,,,
Actinoplanes missouriensis 431,NC_017093.1,,,,,,,,,,,,,
Amycolatopsis mediterranei S699,NC_017186.1,,,,,,,,,,,,,
Corynebacterium pseudotuberculosis 1002,NC_017300.1,,,,,,,,,,,,,
Corynebacterium pseudotuberculosis 1002,NC_017300.1,,,,,,,,,,,,,
Corynebacterium ulcerans 809,NC_017317.1,,,,,,,,,,,,,
Streptomyces cattleya NRRL 8057 = DSM 46488,NC_017586.1,,,,,,,,,,,,,
Streptomyces hygroscopicus subsp. jinggangensis 5008,NC_017765.1,,,,,,,,,,,,,
Actinoplanes sp. SE50/110,NC_017803.1,,,,,,,,,,,,,
Modestobacter marinus,NC_017955.1,,,,,,,,,,,,,
Mycobacterium chubuense NBB4,NC_018027.1,,,,,,,,,,,,,
Mycobacterium tuberculosis H37Rv,NC_018143.2,,,,,,,,,,,,,
Mycobacterium abscessus subsp. bolletii str. GO 06,NC_018150.2,NC_018150.2,,,,,,,,,,,,
Amycolatopsis mediterranei S699,NC_018266.1,,,,,,,,,,,,,
Mycobacterium smegmatis str. MC2 155,NC_018289.1,,,,,,,,,,,,,
Gordonia sp. KTR9,NC_018581.1,,,,,,,,,,,,,
Nocardia brasiliensis ATCC 700358,NC_018681.1,,,,,,,,,,,,,
Streptomyces venezuelae ATCC 10712,NC_018750.1,,,,,,,,,,,,,
Saccharothrix espanaensis DSM 44229,NC_019673.1,,,,,,,,,,,,,
Mycobacterium tuberculosis 7199-99,NC_020089.1,,,,,,,,,,,,,
Corynebacterium halotolerans YIM 70093 = DSM 44683,NC_020302.1,,,,,,,,,,,,,
Streptomyces davawensis JCM 4913,NC_020504.1,,,,,,,,,,,,,
Corynebacterium callunae DSM 20147,NC_020506.1,,,,,,,,,,,,,
Corynebacterium glutamicum K051,NC_020519.1,,,,,,,,,,,,,
Ilumatobacter coccineus YM16-304,NC_020520.1,,,,,,,,,,,,,
Streptomyces hygroscopicus subsp. jinggangensis TL01,NC_020895.1,,,,,,,,,,,,,
Streptomyces albus J1074,NC_020990.1,,,,,,,,,,,,,
Streptomyces sp. PAMC26508,NC_021055.1,,,,,,,,,,,,,
Streptomyces fulvissimus DSM 40593,NC_021177.1,,,,,,,,,,,,,
Streptomyces fulvissimus DSM 40593,NC_021177.1,,,,,,,,,,,,,
Actinoplanes sp. N902-109,NC_021191.1,,,,,,,,,,,,,
Mycobacterium avium subsp. paratuberculosis MAP4,NC_021200.1,,,,,,,,,,,,,
Corynebacterium terpenotabidum Y-11,NC_021663.1,,,,,,,,,,,,,
Streptomyces collinus Tu 365,NC_021985.1,,,,,,,,,,,,,
Rhodococcus erythropolis CCM2595,NC_022115.1,,,,,,,,,,,,,
Amycolatopsis mediterranei RB,NC_022116.1,,,,,,,,,,,,,
Actinoplanes friuliensis DSM 7358,NC_022657.1,,,,,,,,,,,,,
Mycobacterium kansasii ATCC 12478,NC_022663.1,,,,,,,,,,,,,
Streptomyces rapamycinicus NRRL 5491,NC_022785.1,,,,,,,,,,,,,
Mycobacterium neoaurum VKM Ac-1815D,NC_023036.2,NC_023036.2,,,,,,,,,,,,
Streptomyces sp. Tu6071,NZ_CM001165.1,,,,,,,,,,,,,
Rhodococcus sp. BCP1,NZ_CM002177.1,,,,,,,,,,,,,
Rhodococcus erythropolis R138,NZ_CM002793.1,,,,,,,,,,,,,
Mycobacterium tuberculosis HKBS1,NZ_CP002871.1,,,,,,,,,,,,,
Rhodococcus opacus PD630,NZ_CP003949.1,,,,,,,,,,,,,
Corynebacterium casei LMG S-19264,NZ_CP004350.1,,,,,,,,,,,,,
Nocardia nova SH22a,NZ_CP006850.1,,,,,,,,,,,,,
Kutzneria albida DSM 43870,NZ_CP007155.1,,,,,,,,,,,,,
Rubrobacter radiotolerans,NZ_CP007514.1,,,,,,,,,,,,,
Streptomyces albulus,NZ_CP007574.1,,,,,,,,,,,,,
Mycobacterium tuberculosis K,NZ_CP007803.1,,,,,,,,,,,,,
Corynebacterium pseudotuberculosis,NZ_CP008923.1,,,,,,,,,,,,,
Amycolatopsis japonica,NZ_CP008953.1,,,,,,,,,,,,,
Amycolatopsis methanolica 239,NZ_CP009110.1,,,,,,,,,,,,,
Streptomyces lividans TK24,NZ_CP009124.1,,,,,,,,,,,,,
Sulfurihydrogenibium sp. YO3AOP1,NC_010730.1,,,,,,,,,,,,,
Sulfurihydrogenibium azorense Az-Fu1,NC_012438.1,,,,,,,,,,,,,
Hydrogenobacter thermophilus TK-6,NC_013799.1,,,,,,,,,,,,,
Hydrogenobacter thermophilus TK-6,NC_017161.1,,,,,,,,,,,,,
Chthonomonas calidirosea T49,NC_021487.1,,,,,,,,,,,,,
Fimbriimonas ginsengisoli Gsoil 348,NZ_CP007139.1,,,,,,,,,,,,,
Bacteroides thetaiotaomicron VPI-5482,NC_004663.1,,,,,,,,,,,,,
Chlorobium luteolum DSM 273,NC_007512.1,,,,,,,,,,,,,
Chlorobium chlorochromatii CaD3,NC_007514.1,,,,,,,,,,,,,
Cytophaga hutchinsonii ATCC 33406,NC_008255.1,,,,,,,,,,,,,
Chlorobium phaeobacteroides DSM 266,NC_008639.1,,,,,,,,,,,,,
Flavobacterium johnsoniae UW101,NC_009441.1,,,,,,,,,,,,,
Flavobacterium psychrophilum JIP02/86,NC_009613.3,,,,,,,,,,,,,
Pedobacter heparinus DSM 2366,NC_013061.1,,,,,,,,,,,,,
Flavobacteriaceae bacterium 3519-10,NC_013062.1,,,,,,,,,,,,,
Chitinophaga pinensis DSM 2588,NC_013132.1,,,,,,,,,,,,,
Spirosoma linguale DSM 74,NC_013730.1,,,,,,,,,,,,,
Leadbetterella byssophila DSM 17132,NC_014655.1,,,,,,,,,,,,,
Paludibacter propionicigenes WB4,NC_014734.1,,,,,,,,,,,,,
Cellulophaga lytica DSM 7489,NC_015167.1,,,,,,,,,,,,,
Pedobacter saltans DSM 12145,NC_015177.1,,,,,,,,,,,,,
Sphingobacterium sp. 21,NC_015277.1,,,,,,,,,,,,,
Capnocytophaga canimorsus Cc5,NC_015846.1,,,,,,,,,,,,,
Flavobacterium branchiophilum FL-15,NC_016001.1,,,,,,,,,,,,,
Flavobacterium columnare ATCC 49512,NC_016510.2,,,,,,,,,,,,,
Niastella koreensis GR20-10,NC_016609.1,,,,,,,,,,,,,
Solitalea canadensis DSM 3403,NC_017770.1,,,,,,,,,,,,,
Riemerella anatipestifer RA-CH-1,NC_018609.1,,,,,,,,,,,,,
Bacteroides xylanisolvens XB1A,NC_021017.1,,,,,,,,,,,,,
Hymenobacter sp. APR13,NZ_CP006587.1,,,,,,,,,,,,,
Bacteroidales bacterium CF,NZ_CP006772.1,,,,,,,,,,,,,
Flavobacterium psychrophilum FPG101,NZ_CP007206.1,,,,,,,,,,,,,
Flavobacterium psychrophilum,NZ_CP007627.1,,,,,,,,,,,,,
Cellulophaga lytica,NZ_CP009239.1,,,,,,,,,,,,,
Sphingobacterium sp. ML3W,NZ_CP009278.1,,,,,,,,,,,,,
Chlamydophila caviae GPIC,NC_003361.3,,,,,,,,,,,,,
Candidatus Protochlamydia amoebophila UWE25,NC_005861.1,,,,,,,,,,,,,
Opitutus terrae PB90-1,NC_010571.1,,,,,,,,,,,,,
Methylacidiphilum infernorum V4,NC_010794.1,,,,,,,,,,,,,
Chlamydia psittaci WC,NC_018624.1,,,,,,,,,,,,,
Dehalococcoides mccartyi 195,NC_002936.3,,,,,,,,,,,,,
Dehalococcoides mccartyi CBDB1,NC_007356.1,,,,,,,,,,,,,
Dehalococcoides mccartyi BAV1,NC_009455.1,,,,,,,,,,,,,
Herpetosiphon aurantiacus DSM 785,NC_009972.1,,,,,,,,,,,,,
Dehalococcoides mccartyi VS,NC_013552.1,,,,,,,,,,,,,
Dehalococcoides mccartyi GT,NC_013890.1,,,,,,,,,,,,,
Dehalogenimonas lykanthroporepellens BL-DC-9,NC_014314.1,,,,,,,,,,,,,
Dehalococcoides mccartyi DCMB5,NC_020386.1,,,,,,,,,,,,,
Dehalococcoides mccartyi BTF08,NC_020387.1,,,,,,,,,,,,,
Dehalococcoides mccartyi GY50,NC_022964.1,,,,,,,,,,,,,
Nostoc sp. PCC 7120,NC_003272.1,,,,,,,,,,,,,
Gloeobacter violaceus PCC 7421,NC_005125.1,,,,,,,,,,,,,
Synechococcus sp. JA-3-3Ab,NC_007775.1,,,,,,,,,,,,,
Nostoc punctiforme PCC 73102,NC_010628.1,,,,,,,,,,,,,
Cyanothece sp. PCC 8801,NC_011726.1,,,,,,,,,,,,,
Cyanothece sp. PCC 7424,NC_011729.1,,,,,,,,,,,,,
Cyanothece sp. PCC 7425,NC_011884.1,,,,,,,,,,,,,
Cyanothece sp. PCC 8802,NC_013161.1,,,,,,,,,,,,,
Anabaena variabilis ATCC 29413,NC_014000.1,NC_007413.1,,,,,,,,,,,,
'Nostoc azollae' 0708,NC_014248.1,,,,,,,,,,,,,
Cyanothece sp. PCC 7822,NC_014501.1,,,,,,,,,,,,,
Nostoc sp. PCC 7107,NC_019676.1,,,,,,,,,,,,,
Rivularia sp. PCC 7116,NC_019678.1,,,,,,,,,,,,,
Synechococcus sp. PCC 6312,NC_019680.1,,,,,,,,,,,,,
Leptolyngbya sp. PCC 7376,NC_019683.1,,,,,,,,,,,,,
Pleurocapsa sp. PCC 7327,NC_019689.1,,,,,,,,,,,,,
Oscillatoria acuminata PCC 6304,NC_019693.1,,,,,,,,,,,,,
Chroococcidiopsis thermalis PCC 7203,NC_019695.1,,,,,,,,,,,,,
Pseudanabaena sp. PCC 7367,NC_019701.1,,,,,,,,,,,,,
Synechococcus sp. PCC 7502,NC_019702.1,,,,,,,,,,,,,
Geitlerinema sp. PCC 7407,NC_019703.1,,,,,,,,,,,,,
Oscillatoria nigro-viridis PCC 7112,NC_019729.1,,,,,,,,,,,,,
Microcoleus sp. PCC 7113,NC_019738.1,,,,,,,,,,,,,
Gloeocapsa sp. PCC 7428,NC_019745.1,,,,,,,,,,,,,
Stanieria cyanosphaera PCC 7437,NC_019748.1,,,,,,,,,,,,,
Cylindrospermum stagnale PCC 7417,NC_019757.1,,,,,,,,,,,,,
Cyanobacterium aponinum PCC 10605,NC_019776.1,,,,,,,,,,,,,
Cyanobacterium stanieri PCC 7202,NC_019778.1,,,,,,,,,,,,,
Dactylococcopsis salina PCC 8305,NC_019780.1,,,,,,,,,,,,,
Nodularia spumigena CCY9414,NZ_CM001793.1,,,,,,,,,,,,,
Denitrovibrio acetiphilus DSM 12809,NC_013943.1,,,,,,,,,,,,,
Deinococcus radiodurans R1,NC_001263.1,,,,,,,,,,,,,
Deinococcus radiodurans R1,NC_001263.1,NC_001264.1,,,,,,,,,,,,
Deinococcus deserti VCD115,NC_012526.1,,,,,,,,,,,,,
Deinococcus maricopensis DSM 21211,NC_014958.1,,,,,,,,,,,,,
Deinococcus proteolyticus MRP,NC_015161.1,,,,,,,,,,,,,
Deinococcus gobiensis I-0,NC_016888.1,,,,,,,,,,,,,
Deinococcus gobiensis I-0,NC_017790.1,,,,,,,,,,,,,
Deinococcus peraridilitoris DSM 19664,NC_019793.1,,,,,,,,,,,,,
Deinococcus peraridilitoris DSM 19664,NC_019793.1,,,,,,,,,,,,,
Candidatus Koribacter versatilis Ellin345,NC_008009.1,,,,,,,,,,,,,
Candidatus Solibacter usitatus Ellin6076,NC_008536.1,,,,,,,,,,,,,
Acidobacterium capsulatum ATCC 51196,NC_012483.1,,,,,,,,,,,,,
Terriglobus saanensis SP1PR4,NC_014963.1,,,,,,,,,,,,,
Granulicella tundricola MP5ACTX9,NC_015064.1,,,,,,,,,,,,,
Candidatus Chloracidobacterium thermophilum B,NC_016024.1,NC_016025.1,,,,,,,,,,,,
Granulicella mallensis MP5ACTX8,NC_016631.1,,,,,,,,,,,,,
Terriglobus roseus DSM 18391,NC_018014.1,,,,,,,,,,,,,
Bacillus subtilis subsp. subtilis str. 168,NC_000964.3,,,,,,,,,,,,,
Bacillus halodurans C-125,NC_002570.2,,,,,,,,,,,,,
Listeria monocytogenes serotype 4b str. F2365,NC_002973.6,,,,,,,,,,,,,
Clostridium acetobutylicum ATCC 824,NC_003030.1,,,,,,,,,,,,,
Listeria monocytogenes EGD-e,NC_003210.1,,,,,,,,,,,,,
Listeria innocua Clip11262,NC_003212.1,,,,,,,,,,,,,
Clostridium perfringens str. 13,NC_003366.1,,,,,,,,,,,,,
Bacillus cereus ATCC 10987,NC_003909.8,,,,,,,,,,,,,
Bacillus anthracis str. Ames,NC_003997.3,,,,,,,,,,,,,
Oceanobacillus iheyensis HTE831,NC_004193.1,,,,,,,,,,,,,
Clostridium tetani E88,NC_004557.1,,,,,,,,,,,,,
Bacillus cereus ATCC 14579,NC_004722.1,,,,,,,,,,,,,
Bacillus anthracis str. Sterne,NC_005945.1,,,,,,,,,,,,,
Bacillus thuringiensis serovar konkukian str. 97-27,NC_005957.1,,,,,,,,,,,,,
Symbiobacterium thermophilum IAM 14863,NC_006177.1,,,,,,,,,,,,,
Bacillus licheniformis DSM 13 = ATCC 14580,NC_006270.3,,,,,,,,,,,,,
Bacillus cereus E33L,NC_006274.1,,,,,,,,,,,,,
Bacillus cereus E33L,NC_006274.1,,,,,,,,,,,,,
Bacillus licheniformis DSM 13 = ATCC 14580,NC_006322.1,,,,,,,,,,,,,
Bacillus clausii KSM-K16,NC_006582.1,,,,,,,,,,,,,
Staphylococcus haemolyticus JCSC1435,NC_007168.1,,,,,,,,,,,,,
Staphylococcus saprophyticus subsp. saprophyticus ATCC 15305,NC_007350.1,,,,,,,,,,,,,
Bacillus anthracis str. 'Ames Ancestor',NC_007530.2,,,,,,,,,,,,,
Moorella thermoacetica ATCC 39073,NC_007644.1,,,,,,,,,,,,,
Desulfitobacterium hafniense Y51,NC_007907.1,,,,,,,,,,,,,
Clostridium perfringens ATCC 13124,NC_008261.1,,,,,,,,,,,,,
Clostridium perfringens SM101,NC_008262.1,,,,,,,,,,,,,
Lactobacillus brevis ATCC 367,NC_008497.1,,,,,,,,,,,,,
Listeria welshimeri serovar 6b str. SLCC5334,NC_008555.1,,,,,,,,,,,,,
Clostridium novyi NT,NC_008593.1,,,,,,,,,,,,,
Ruminiclostridium thermocellum ATCC 27405,NC_009012.1,,,,,,,,,,,,,
Geobacillus thermodenitrificans NG80-2,NC_009328.1,,,,,,,,,,,,,
Clostridium botulinum A str. ATCC 3502,NC_009495.1,,,,,,,,,,,,,
Clostridium beijerinckii NCIMB 8052,NC_009617.1,,,,,,,,,,,,,
Bacillus cytotoxicus NVH 391-98,NC_009674.1,,,,,,,,,,,,,
Clostridium botulinum A str. Hall,NC_009698.1,,,,,,,,,,,,,
Clostridium kluyveri DSM 555,NC_009706.1,,,,,,,,,,,,,
Bacillus amyloliquefaciens subsp. plantarum str. FZB42,NC_009725.1,,,,,,,,,,,,,
Bacillus pumilus SAFR-032,NC_009848.1,,,,,,,,,,,,,
Lachnoclostridium phytofermentans ISDg,NC_010001.1,,,,,,,,,,,,,
Bacillus weihenstephanensis KBAB4,NC_010184.1,,,,,,,,,,,,,
Thermoanaerobacter sp. X514,NC_010320.1,,,,,,,,,,,,,
Thermoanaerobacter pseudethanolicus ATCC 33223,NC_010321.1,,,,,,,,,,,,,
Heliobacterium modesticaldum Ice1,NC_010337.2,,,,,,,,,,,,,
Lysinibacillus sphaericus C3-41,NC_010382.1,,,,,,,,,,,,,
Candidatus Desulforudis audaxviator MP104C,NC_010424.1,,,,,,,,,,,,,
Clostridium botulinum B1 str. Okra,NC_010516.1,,,,,,,,,,,,,
Clostridium botulinum A3 str. Loch Maree,NC_010520.1,,,,,,,,,,,,,
Exiguobacterium sibiricum 255-15,NC_010556.1,,,,,,,,,,,,,
Bacillus cereus AH187,NC_011658.1,,,,,,,,,,,,,
Listeria monocytogenes HCC23,NC_011660.1,,,,,,,,,,,,,
Bacillus cereus B4264,NC_011725.1,,,,,,,,,,,,,
Bacillus cereus G9842,NC_011772.1,,,,,,,,,,,,,
Bacillus cereus AH820,NC_011773.1,,,,,,,,,,,,,
Desulfitobacterium hafniense DCB-2,NC_011830.1,,,,,,,,,,,,,
Clostridium kluyveri NBRC 12016,NC_011837.1,,,,,,,,,,,,,
Clostridium cellulolyticum H10,NC_011898.1,,,,,,,,,,,,,
Bacillus cereus Q1,NC_011969.1,,,,,,,,,,,,,
Streptococcus uberis 0140J,NC_012004.1,,,,,,,,,,,,,
Bacillus cereus 03BB102,NC_012472.1,,,,,,,,,,,,,
Listeria monocytogenes serotype 4b str. CLIP 80459,NC_012488.1,,,,,,,,,,,,,
Brevibacillus brevis NBRC 100599,NC_012491.1,,,,,,,,,,,,,
Clostridium botulinum A2 str. Kyoto,NC_012563.1,,,,,,,,,,,,,
Bacillus anthracis str. CDC 684,NC_012581.1,,,,,,,,,,,,,
Clostridium botulinum Ba4 str. 657,NC_012658.1,,,,,,,,,,,,,
Bacillus anthracis str. A0248,NC_012659.1,,,,,,,,,,,,,
Exiguobacterium sp. AT1b,NC_012673.1,,,,,,,,,,,,,
[Eubacterium] eligens ATCC 27750,NC_012778.1,,,,,,,,,,,,,
Paenibacillus sp. JDR-2,NC_012914.1,,,,,,,,,,,,,
Streptococcus suis BM407,NC_012926.1,,,,,,,,,,,,,
Paenibacillus sp. Y412MC10,NC_013406.1,,,,,,,,,,,,,
Listeria monocytogenes 08-5578,NC_013766.2,NC_013766.2,,,,,,,,,,,,
Listeria monocytogenes 08-5923,NC_013768.1,,,,,,,,,,,,,
Bacillus pseudofirmus OF4,NC_013791.2,,,,,,,,,,,,,
Listeria seeligeri serovar 1/2b str. SLCC3954,NC_013891.1,,,,,,,,,,,,,
Thermoanaerobacter italicus Ab9,NC_013921.1,,,,,,,,,,,,,
Bacillus megaterium QM B1551,NC_014019.1,,,,,,,,,,,,,
Bacillus megaterium DSM 319,NC_014103.1,,,,,,,,,,,,,
Bacillus thuringiensis BMB171,NC_014171.1,,,,,,,,,,,,,
Leuconostoc gasicomitatum LMG 18811,NC_014319.1,,,,,,,,,,,,,
Clostridium ljungdahlii DSM 13528,NC_014328.1,,,,,,,,,,,,,
Bacillus cereus biovar anthracis str. CI,NC_014335.1,,,,,,,,,,,,,
Clostridium cellulovorans 743B,NC_014393.1,,,,,,,,,,,,,
Bacillus subtilis subsp. spizizenii str. W23,NC_014479.1,,,,,,,,,,,,,
Paenibacillus polymyxa E681,NC_014483.1,,,,,,,,,,,,,
Thermoanaerobacter sp. X513,NC_014538.1,,,,,,,,,,,,,
Bacillus amyloliquefaciens DSM 7,NC_014551.1,,,,,,,,,,,,,
[Clostridium] sticklandii,NC_014614.1,,,,,,,,,,,,,
Paenibacillus polymyxa SC2,NC_014622.1,,,,,,,,,,,,,
Bacillus atrophaeus 1942,NC_014639.1,,,,,,,,,,,,,
Halanaerobium hydrogeniformans,NC_014654.1,,,,,,,,,,,,,
Bacillus cellulosilyticus DSM 2522,NC_014829.1,,,,,,,,,,,,,
Thermaerobacter marianensis DSM 12885,NC_014831.1,,,,,,,,,,,,,
Ruminococcus albus 7 = DSM 20455,NC_014833.1,,,,,,,,,,,,,
Bacillus subtilis BSn5,NC_014976.1,,,,,,,,,,,,,
Clostridium botulinum BKT015925,NC_015425.1,,,,,,,,,,,,,
Streptococcus suis ST3,NC_015433.1,,,,,,,,,,,,,
Mahella australiensis 50-1 BON,NC_015520.1,,,,,,,,,,,,,
Desulfotomaculum carboxydivorans CO-1-SRB,NC_015565.1,,,,,,,,,,,,,
Desulfotomaculum kuznetsovii DSM 6115,NC_015573.1,,,,,,,,,,,,,
Desulfotomaculum ruminis DSM 2154,NC_015589.1,,,,,,,,,,,,,
Erysipelothrix rhusiopathiae str. Fujisawa,NC_015601.1,,,,,,,,,,,,,
Bacillus coagulans 2-6,NC_015634.1,,,,,,,,,,,,,
Clostridium acetobutylicum DSM 1731,NC_015687.1,,,,,,,,,,,,,
Paenibacillus mucilaginosus KNP414,NC_015690.1,,,,,,,,,,,,,
Leuconostoc sp. C2,NC_015734.1,,,,,,,,,,,,,
Sulfobacillus acidophilus TPY,NC_015757.1,,,,,,,,,,,,,
Bacillus coagulans 36D1,NC_016023.1,,,,,,,,,,,,,
Bacillus subtilis subsp. spizizenii TU-B-10,NC_016047.1,,,,,,,,,,,,,
Desulfosporosinus orientis DSM 765,NC_016584.1,,,,,,,,,,,,,
[Clostridium] clariflavum DSM 19732,NC_016627.1,,,,,,,,,,,,,
Paenibacillus terrae HPL-003,NC_016641.1,,,,,,,,,,,,,
Bacillus cereus NC7401,NC_016771.1,,,,,,,,,,,,,
Bacillus cereus F837/76,NC_016779.1,,,,,,,,,,,,,
Bacillus amyloliquefaciens subsp. plantarum CAU B946,NC_016784.1,,,,,,,,,,,,,
Streptococcus infantarius subsp. infantarius CJ18,NC_016826.1,,,,,,,,,,,,,
Sulfobacillus acidophilus DSM 10332,NC_016884.1,,,,,,,,,,,,,
Acetobacterium woodii DSM 1030,NC_016894.1,,,,,,,,,,,,,
Paenibacillus mucilaginosus 3016,NC_016935.1,,,,,,,,,,,,,
Bacillus amyloliquefaciens subsp. plantarum YAU B9601-Y2,NC_017061.1,,,,,,,,,,,,,
Bacillus megaterium WSH-002,NC_017138.1,,,,,,,,,,,,,
Bacillus amyloliquefaciens TA208,NC_017188.1,,,,,,,,,,,,,
Bacillus amyloliquefaciens LL3,NC_017190.1,,,,,,,,,,,,,
Bacillus amyloliquefaciens XH7,NC_017191.1,,,,,,,,,,,,,
Bacillus subtilis subsp. subtilis str. RO-NN-1,NC_017195.1,,,,,,,,,,,,,
Bacillus subtilis subsp. natto BEST195,NC_017196.2,NC_017196.2,,,,,,,,,,,,
Bacillus thuringiensis serovar finitimus YBT-020,NC_017200.1,,,,,,,,,,,,,
Bacillus thuringiensis serovar chinensis CT-43,NC_017208.1,,,,,,,,,,,,,
Clostridium acetobutylicum EA 2018,NC_017295.1,,,,,,,,,,,,,
Clostridium botulinum H04402 065,NC_017299.1,,,,,,,,,,,,,
Listeria monocytogenes L99,NC_017529.1,,,,,,,,,,,,,
Listeria monocytogenes M7,NC_017537.1,,,,,,,,,,,,,
Paenibacillus polymyxa M1,NC_017542.1,,,,,,,,,,,,,
Listeria monocytogenes 10403S,NC_017544.1,,,,,,,,,,,,,
Listeria monocytogenes J0161,NC_017545.1,,,,,,,,,,,,,
Listeria monocytogenes FSL R2-561,NC_017546.1,,,,,,,,,,,,,
Listeria monocytogenes Finland 1998,NC_017547.1,,,,,,,,,,,,,
Halobacillus halophilus DSM 2266,NC_017668.1,,,,,,,,,,,,,
Paenibacillus mucilaginosus K02,NC_017672.3,,,,,,,,,,,,,
Bacillus anthracis str. H9401,NC_017729.1,,,,,,,,,,,,,
Bacillus sp. JS,NC_017743.1,,,,,,,,,,,,,
Bacillus amyloliquefaciens Y2,NC_017912.1,,,,,,,,,,,,,
Desulfitobacterium dehalogenans ATCC 51507,NC_018017.1,,,,,,,,,,,,,
Solibacillus silvestris StLB046,NC_018065.1,,,,,,,,,,,,,
Desulfosporosinus acidiphilus SJ4,NC_018068.1,,,,,,,,,,,,,
Bacillus cereus FRI-35,NC_018491.1,,,,,,,,,,,,,
Bacillus thuringiensis HD-771,NC_018500.1,,,,,,,,,,,,,
Bacillus thuringiensis HD-789,NC_018508.1,,,,,,,,,,,,,
Desulfosporosinus meridiei DSM 13257,NC_018515.1,,,,,,,,,,,,,
Listeria monocytogenes ATCC 19117,NC_018584.1,,,,,,,,,,,,,
Listeria monocytogenes SLCC2378,NC_018585.1,,,,,,,,,,,,,
Listeria monocytogenes SLCC2540,NC_018586.1,,,,,,,,,,,,,
Listeria monocytogenes SLCC2540,NC_018586.1,,,,,,,,,,,,,
Listeria monocytogenes SLCC2755,NC_018587.1,,,,,,,,,,,,,
Listeria monocytogenes SLCC2372,NC_018588.1,,,,,,,,,,,,,
Listeria monocytogenes SLCC2479,NC_018589.1,,,,,,,,,,,,,
Listeria monocytogenes serotype 7 str. SLCC2482,NC_018591.1,,,,,,,,,,,,,
Listeria monocytogenes SLCC7179,NC_018593.1,,,,,,,,,,,,,
Listeria monocytogenes L312,NC_018642.1,,,,,,,,,,,,,
[Clostridium] acidurici 9a,NC_018664.1,,,,,,,,,,,,,
Bacillus thuringiensis MC28,NC_018693.1,,,,,,,,,,,,,
Amphibacillus xylanus NBRC 15112,NC_018704.1,,,,,,,,,,,,,
Dehalobacter sp. DCA,NC_018866.1,,,,,,,,,,,,,
Dehalobacter sp. CF,NC_018867.1,,,,,,,,,,,,,
Bacillus thuringiensis Bt407,NC_018877.1,,,,,,,,,,,,,
Bacillus amyloliquefaciens subsp. plantarum AS43.3,NC_019842.1,,,,,,,,,,,,,
Thermobacillus composti KWC4,NC_019897.1,,,,,,,,,,,,,
Desulfitobacterium dichloroeliminans LMG P-21439,NC_019903.1,,,,,,,,,,,,,
[Clostridium] stercorarium subsp. stercorarium DSM 8532,NC_020134.1,,,,,,,,,,,,,
Staphylococcus warneri SG1,NC_020164.1,,,,,,,,,,,,,
Enterococcus faecium NRRL B-2354,NC_020207.1,,,,,,,,,,,,,
Geobacillus sp. GHH01,NC_020210.1,,,,,,,,,,,,,
Bacillus thuringiensis serovar kurstaki str. HD73,NC_020238.1,,,,,,,,,,,,,
Bacillus subtilis XF-1,NC_020244.1,,,,,,,,,,,,,
Bacillus amyloliquefaciens IT-45,NC_020272.1,,,,,,,,,,,,,
Clostridium saccharoperbutylacetonicum N1-4(HMT),NC_020291.1,,,,,,,,,,,,,
Bacillus thuringiensis serovar thuringiensis str. IS5056,NC_020376.1,,,,,,,,,,,,,
Bacillus subtilis subsp. subtilis 6051-HGW,NC_020507.1,,,,,,,,,,,,,
Bacillus subtilis subsp. subtilis str. BAB-1,NC_020832.1,,,,,,,,,,,,,
[Clostridium] stercorarium subsp. stercorarium DSM 8532,NC_020887.2,,,,,,,,,,,,,
Coprococcus catus GD/7,NC_021009.1,,,,,,,,,,,,,
Roseburia intestinalis XB6B4,NC_021012.1,,,,,,,,,,,,,
Ruminococcus torques L2-14,NC_021015.1,,,,,,,,,,,,,
Bacillus sp. 1NLA3E,NC_021171.1,,,,,,,,,,,,,
Clostridium pasteurianum BC1,NC_021182.1,,,,,,,,,,,,,
Desulfotomaculum gibsoniae DSM 7213,NC_021184.1,,,,,,,,,,,,,
Bacillus licheniformis 9945A,NC_021362.1,,,,,,,,,,,,,
Listeria monocytogenes J1816,NC_021829.1,,,,,,,,,,,,,
Listeria monocytogenes J1-220,NC_021830.1,,,,,,,,,,,,,
Geobacillus sp. JF8,NC_022080.4,,,,,,,,,,,,,
Bacillus amyloliquefaciens subsp. plantarum UCMB5113,NC_022081.1,,,,,,,,,,,,,
Staphylococcus aureus subsp. aureus SA40,NC_022443.1,,,,,,,,,,,,,
Clostridium saccharobutylicum DSM 13864,NC_022571.1,,,,,,,,,,,,,
Bacillus amyloliquefaciens CC178,NC_022653.1,,,,,,,,,,,,,
Bacillus toyonensis BCT-7112,NC_022781.1,,,,,,,,,,,,,
Exiguobacterium sp. MH3,NC_022794.1,,,,,,,,,,,,,
Bacillus thuringiensis YBT-1518,NC_022873.1,,,,,,,,,,,,,
Paenibacillus polymyxa CR1,NC_023037.1,,,,,,,,,,,,,
Bacillus amyloliquefaciens LFB112,NC_023073.1,,,,,,,,,,,,,
Bacillus thuringiensis Bt407,NZ_CM000747.1,,,,,,,,,,,,,
Bacillus anthracis 52-G,NZ_CM002395.1,,,,,,,,,,,,,
Bacillus anthracis 9080-G,NZ_CM002398.1,,,,,,,,,,,,,
Bacillus anthracis 8903-G,NZ_CM002401.1,,,,,,,,,,,,,
Bacillus anthracis str. A16,NZ_CP001970.1,,,,,,,,,,,,,
Bacillus anthracis str. A16R,NZ_CP001974.1,,,,,,,,,,,,,
Bacillus lehensis G1,NZ_CP003923.1,,,,,,,,,,,,,
Paenibacillus sabinae T27,NZ_CP004078.1,,,,,,,,,,,,,
Bacillus thuringiensis serovar kurstaki str. YBT-1520,NZ_CP004858.1,,,,,,,,,,,,,
Bacillus thuringiensis serovar kurstaki str. HD-1,NZ_CP004870.1,,,,,,,,,,,,,
Bacillus anthracis str. SVA11,NZ_CP006742.1,,,,,,,,,,,,,
Paenibacillus polymyxa SQR-21,NZ_CP006872.1,,,,,,,,,,,,,
Bacillus amyloliquefaciens SQR9,NZ_CP006890.1,,,,,,,,,,,,,
Dehalobacter restrictus DSM 9455,NZ_CP007033.1,,,,,,,,,,,,,
Listeria ivanovii WSLC3009,NZ_CP007172.1,,,,,,,,,,,,,
Staphylococcus xylosus,NZ_CP007208.1,,,,,,,,,,,,,
Bacillus amyloliquefaciens subsp. plantarum TrigoCor1448,NZ_CP007244.1,,,,,,,,,,,,,
Bacillus subtilis subsp. subtilis str. OH 131.1,NZ_CP007409.1,,,,,,,,,,,,,
Bacillus pumilus,NZ_CP007436.1,,,,,,,,,,,,,
Eubacterium acidaminophilum DSM 3953,NZ_CP007452.1,,,,,,,,,,,,,
Listeria monocytogenes,NZ_CP007492.1,,,,,,,,,,,,,
Staphylococcus aureus,NZ_CP007499.1,,,,,,,,,,,,,
Listeria monocytogenes,NZ_CP007600.1,,,,,,,,,,,,,
Bacillus thuringiensis serovar kurstaki str. YBT-1520,NZ_CP007607.1,,,,,,,,,,,,,
Bacillus anthracis,NZ_CP007618.1,,,,,,,,,,,,,
Bacillus mycoides,NZ_CP007626.1,,,,,,,,,,,,,
Bacillus atrophaeus subsp. globigii,NZ_CP007640.1,,,,,,,,,,,,,
Bacillus anthracis str. Vollum,NZ_CP007666.1,,,,,,,,,,,,,
Bacillus anthracis strain BFV,NZ_CP007704.1,,,,,,,,,,,,,
Bacillus methanolicus MGA3,NZ_CP007739.1,,,,,,,,,,,,,
Bacillus subtilis subsp. subtilis str. JH642 substr. AG174,NZ_CP007800.1,,,,,,,,,,,,,
Bacillus subtilis subsp. subtilis str. AG1839,NZ_CP008698.1,,,,,,,,,,,,,
Bacillus anthracis strain delta Sterne,NZ_CP008752.1,,,,,,,,,,,,,
Bacillus anthracis,NZ_CP008846.1,,,,,,,,,,,,,
Pelosinus sp. UFO1,NZ_CP008852.1,,,,,,,,,,,,,
Geobacillus stearothermophilus,NZ_CP008855.1,,,,,,,,,,,,,
Streptococcus pyogenes,NZ_CP008926.1,,,,,,,,,,,,,
Ruminococcus bicirculans,NZ_HF545616.1,NZ_HF545617.1,,,,,,,,,,,,
Clostridium sp. M2/40,NZ_HG917868.1,NZ_HG917869.1,,,,,,,,,,,,
Ilyobacter polytropus DSM 2926,NC_014632.1,,,,,,,,,,,,,
Gemmatimonas aurantiaca T-27,NC_012489.1,,,,,,,,,,,,,
Leptospirillum ferrooxidans C2-3,NC_017094.1,,,,,,,,,,,,,
Leptospirillum ferriphilum ML-04,NC_018649.1,,,,,,,,,,,,,
Leptospirillum ferriphilum YSK,NZ_CP007243.1,,,,,,,,,,,,,
Singulisphaera acidiphila DSM 18658,NC_019892.1,,,,,,,,,,,,,
Escherichia coli str. K-12 substr. MG1655,NC_000913.3,,,,,,,,,,,,,
Rickettsia prowazekii str. Madrid E,NC_000963.1,,,,,,,,,,,,,
Xylella fastidiosa 9a5c,NC_002488.3,,,,,,,,,,,,,
Pseudomonas aeruginosa PAO1,NC_002516.2,,,,,,,,,,,,,
Escherichia coli O157:H7 str. EDL933,NC_002655.2,,,,,,,,,,,,,
Mesorhizobium loti MAFF303099,NC_002678.2,,,,,,,,,,,,,
Escherichia coli O157:H7 str. Sakai,NC_002695.1,,,,,,,,,,,,,
Caulobacter crescentus CB15,NC_002696.2,,,,,,,,,,,,,
Bordetella bronchiseptica RB50,NC_002927.3,,,,,,,,,,,,,
Desulfovibrio vulgaris str. Hildenborough,NC_002937.3,,,,,,,,,,,,,
Geobacter sulfurreducens PCA,NC_002939.5,,,,,,,,,,,,,
Legionella pneumophila subsp. pneumophila str. Philadelphia 1,NC_002942.5,,,,,,,,,,,,,
Pseudomonas putida KT2440,NC_002947.3,,,,,,,,,,,,,
Coxiella burnetii RSA 493,NC_002971.3,,,,,,,,,,,,,
Sinorhizobium meliloti 1021,NC_003047.1,,,,,,,,,,,,,
Agrobacterium fabrum str. C58,NC_003062.2,NC_003063.2,,,,,,,,,,,,
Yersinia pestis CO92,NC_003143.1,,,,,,,,,,,,,
Salmonella enterica subsp. enterica serovar Typhimurium str. LT2,NC_003197.1,,,,,,,,,,,,,
Salmonella enterica subsp. enterica serovar Typhi str. CT18,NC_003198.1,,,,,,,,,,,,,
Ralstonia solanacearum GMI1000,NC_003295.1,,,,,,,,,,,,,
Brucella melitensis bv. 1 str. 16M,NC_003318.1,NC_003317.1,,,,,,,,,,,,
Xanthomonas campestris pv. campestris str. ATCC 33913,NC_003902.1,,,,,,,,,,,,,
Pseudomonas protegens Pf-5,NC_004129.6,,,,,,,,,,,,,
Shewanella oneidensis MR-1,NC_004347.2,,,,,,,,,,,,,
Bradyrhizobium diazoefficiens USDA 110,NC_004463.1,,,,,,,,,,,,,
Pectobacterium atrosepticum SCRI1043,NC_004547.2,,,,,,,,,,,,,
Xylella fastidiosa Temecula1,NC_004556.1,,,,,,,,,,,,,
Pseudomonas syringae pv. tomato str. DC3000,NC_004578.1,,,,,,,,,,,,,
Salmonella enterica subsp. enterica serovar Typhi str. Ty2,NC_004631.1,,,,,,,,,,,,,
Nitrosomonas europaea ATCC 19718,NC_004757.1,,,,,,,,,,,,,
Chromobacterium violaceum ATCC 12472,NC_005085.1,,,,,,,,,,,,,
Photorhabdus luminescens subsp. laumondii TTO1,NC_005126.1,,,,,,,,,,,,,
Rhodopseudomonas palustris CGA009,NC_005296.1,,,,,,,,,,,,,
Bdellovibrio bacteriovorus HD100,NC_005363.1,,,,,,,,,,,,,
Bdellovibrio bacteriovorus HD100,NC_005363.1,,,,,,,,,,,,,
Pseudomonas syringae pv. phaseolicola 1448A,NC_005773.3,,,,,,,,,,,,,
Pseudomonas syringae pv. phaseolicola 1448A,NC_005773.3,,,,,,,,,,,,,
Acinetobacter sp. ADP1,NC_005966.1,,,,,,,,,,,,,
Yersinia pseudotuberculosis IP 32953,NC_006155.1,,,,,,,,,,,,,
Burkholderia pseudomallei K96243,NC_006350.1,NC_006351.1,,,,,,,,,,,,
Legionella pneumophila str. Paris,NC_006368.1,,,,,,,,,,,,,
Legionella pneumophila str. Lens,NC_006369.1,,,,,,,,,,,,,
Salmonella enterica subsp. enterica serovar Paratyphi A str. ATCC 9150,NC_006511.1,,,,,,,,,,,,,
Aromatoleum aromaticum EbN1,NC_006513.1,,,,,,,,,,,,,
Ehrlichia ruminantium str. Gardel,NC_006831.1,,,,,,,,,,,,,
Xanthomonas oryzae pv. oryzae KACC 10331,NC_006834.1,,,,,,,,,,,,,
Salmonella enterica subsp. enterica serovar Choleraesuis str. SC-B67,NC_006905.1,,,,,,,,,,,,,
Brucella abortus bv. 1 str. 9-941,NC_006933.1,NC_006932.1,,,,,,,,,,,,
Pseudomonas syringae pv. syringae B728a,NC_007005.1,,,,,,,,,,,,,
Xanthomonas campestris pv. campestris str. 8004,NC_007086.1,,,,,,,,,,,,,
Psychrobacter arcticus 273-4,NC_007204.1,,,,,,,,,,,,,
Dechloromonas aromatica RCB,NC_007298.1,,,,,,,,,,,,,
Ralstonia eutropha JMP134,NC_007347.1,NC_007348.1,,,,,,,,,,,,
Thiobacillus denitrificans ATCC 25259,NC_007404.1,,,,,,,,,,,,,
Nitrobacter winogradskyi Nb-255,NC_007406.1,,,,,,,,,,,,,
Burkholderia pseudomallei 1710b,NC_007434.1,NC_007435.1,,,,,,,,,,,,
Pseudomonas fluorescens Pf0-1,NC_007492.2,,,,,,,,,,,,,
Rhodobacter sphaeroides 2.4.1,NC_007494.2,NC_007493.2,,,,,,,,,,,,
Pelobacter carbinolicus DSM 2380,NC_007498.2,,,,,,,,,,,,,
Xanthomonas campestris pv. vesicatoria str. 85-10,NC_007508.1,,,,,,,,,,,,,
Burkholderia lata,NC_007511.1,NC_007510.1,NC_007509.1,,,,,,,,,,,
Geobacter metallireducens GS-15,NC_007517.1,,,,,,,,,,,,,
Desulfovibrio alaskensis G20,NC_007519.1,,,,,,,,,,,,,
Shigella boydii Sb227,NC_007613.1,,,,,,,,,,,,,
Nitrosospira multiformis ATCC 25196,NC_007614.1,,,,,,,,,,,,,
Brucella abortus 2308,NC_007618.1,NC_007624.1,,,,,,,,,,,,
Rhodospirillum rubrum ATCC 11170,NC_007643.1,,,,,,,,,,,,,
Burkholderia thailandensis E264,NC_007651.1,NC_007650.1,,,,,,,,,,,,
Anaeromyxobacter dehalogenans 2CP-C,NC_007760.1,,,,,,,,,,,,,
Rhizobium etli CFN 42,NC_007761.1,,,,,,,,,,,,,
Rhodopseudomonas palustris HaA2,NC_007778.1,,,,,,,,,,,,,
Novosphingobium aromaticivorans DSM 12444,NC_007794.1,,,,,,,,,,,,,
Neorickettsia sennetsu str. Miyayama,NC_007798.1,,,,,,,,,,,,,
Francisella tularensis subsp. holarctica LVS,NC_007880.1,,,,,,,,,,,,,
Rhodopseudomonas palustris BisB18,NC_007925.1,,,,,,,,,,,,,
Methylobacillus flagellatus KT,NC_007947.1,,,,,,,,,,,,,
Polaromonas sp. JS666,NC_007948.1,,,,,,,,,,,,,
Burkholderia xenovorans LB400,NC_007951.1,NC_007952.1,NC_007953.1,,,,,,,,,,,
Rhodopseudomonas palustris BisB5,NC_007958.1,,,,,,,,,,,,,
Chromohalobacter salexigens DSM 3043,NC_007963.1,,,,,,,,,,,,,
Nitrobacter hamburgensis X14,NC_007964.1,,,,,,,,,,,,,
Psychrobacter cryohalolentis K5,NC_007969.1,,,,,,,,,,,,,
Cupriavidus metallidurans CH34,NC_007973.1,,,,,,,,,,,,,
Pseudomonas entomophila L48,NC_008027.1,,,,,,,,,,,,,
Myxococcus xanthus DK 1622,NC_008095.1,,,,,,,,,,,,,
Yersinia pestis Nepal516,NC_008149.1,,,,,,,,,,,,,
Yersinia pestis Antiqua,NC_008150.1,,,,,,,,,,,,,
Francisella tularensis subsp. tularensis FSC198,NC_008245.1,,,,,,,,,,,,,
Chelativorans sp. BNC1,NC_008254.1,,,,,,,,,,,,,
Ralstonia eutropha H16,NC_008314.1,NC_008313.1,,,,,,,,,,,,
Granulibacter bethesdensis CGDNIH1,NC_008343.1,,,,,,,,,,,,,
Rhizobium leguminosarum bv. viciae 3841,NC_008380.1,,,,,,,,,,,,,
Burkholderia ambifaria AMMD,NC_008392.1,NC_008390.1,NC_008391.1,,,,,,,,,,,
Rhodopseudomonas palustris BisA53,NC_008435.1,,,,,,,,,,,,,
Pseudomonas aeruginosa UCBPP-PA14,NC_008463.1,,,,,,,,,,,,,
Burkholderia cenocepacia HI2424,NC_008543.1,NC_008542.1,NC_008544.1,,,,,,,,,,,
Shewanella sp. ANA-3,NC_008577.1,,,,,,,,,,,,,
Pelobacter propionicus DSM 2379,NC_008609.1,,,,,,,,,,,,,
Paracoccus denitrificans PD1222,NC_008687.1,NC_008686.1,,,,,,,,,,,,
Shewanella amazonensis SB2B,NC_008700.1,,,,,,,,,,,,,
Azoarcus sp. BH72,NC_008702.1,,,,,,,,,,,,,
Marinobacter hydrocarbonoclasticus VT8,NC_008740.1,,,,,,,,,,,,,
Acidovorax citrulli AAC00-1,NC_008752.1,,,,,,,,,,,,,
Polaromonas naphthalenivorans CJ2,NC_008781.1,,,,,,,,,,,,,
Acidovorax sp. JS42,NC_008782.1,,,,,,,,,,,,,
Verminephrobacter eiseniae EF01-2,NC_008786.1,,,,,,,,,,,,,
Halorhodospira halophila SL1,NC_008789.1,,,,,,,,,,,,,
Yersinia enterocolitica subsp. enterocolitica 8081,NC_008800.1,,,,,,,,,,,,,
Methylibium petroleiphilum PM1,NC_008825.1,,,,,,,,,,,,,
Rhodobacter sphaeroides ATCC 17029,NC_009050.1,NC_009049.1,,,,,,,,,,,,
Burkholderia pseudomallei 668,NC_009075.1,NC_009074.1,,,,,,,,,,,,
Burkholderia pseudomallei 1106a,NC_009078.1,NC_009076.1,,,,,,,,,,,,
Burkholderia vietnamiensis G4,NC_009254.1,NC_009256.1,NC_009255.1,,,,,,,,,,,
Rhodobacter sphaeroides ATCC 17025,NC_009428.1,,,,,,,,,,,,,
Pseudomonas stutzeri A1501,NC_009434.1,,,,,,,,,,,,,
Enterobacter sp. 638,NC_009436.1,,,,,,,,,,,,,
Shewanella putrefaciens CN-32,NC_009438.1,,,,,,,,,,,,,
Pseudomonas mendocina ymp,NC_009439.1,,,,,,,,,,,,,
Bradyrhizobium sp. ORS 278,NC_009445.1,,,,,,,,,,,,,
Geobacter uraniireducens Rf4,NC_009483.1,,,,,,,,,,,,,
Acidiphilium cryptum JF-5,NC_009484.1,,,,,,,,,,,,,
Bradyrhizobium sp. BTAi1,NC_009485.1,,,,,,,,,,,,,
Legionella pneumophila str. Corby,NC_009494.2,,,,,,,,,,,,,
Brucella ovis ATCC 25840,NC_009504.1,NC_009505.1,,,,,,,,,,,,
Sphingomonas wittichii RW1,NC_009511.1,,,,,,,,,,,,,
Pseudomonas putida F1,NC_009512.1,,,,,,,,,,,,,
Psychrobacter sp. PRwf-1,NC_009524.1,,,,,,,,,,,,,
Sinorhizobium medicae WSM419,NC_009636.1,,,,,,,,,,,,,
Klebsiella pneumoniae subsp. pneumoniae MGH 78578,NC_009648.1,,,,,,,,,,,,,
Marinomonas sp. MWYL1,NC_009654.1,,,,,,,,,,,,,
Pseudomonas aeruginosa PA7,NC_009656.1,,,,,,,,,,,,,
Janthinobacterium sp. Marseille,NC_009659.1,,,,,,,,,,,,,
Ochrobactrum anthropi ATCC 49188,NC_009667.1,NC_009668.1,,,,,,,,,,,,
Anaeromyxobacter sp. Fw109-5,NC_009675.1,,,,,,,,,,,,,
Campylobacter curvus 525.92,NC_009715.1,,,,,,,,,,,,,
Xanthobacter autotrophicus Py2,NC_009720.1,,,,,,,,,,,,,
Citrobacter koseri ATCC BAA-895,NC_009792.1,,,,,,,,,,,,,
Campylobacter concisus 13826,NC_009802.1,,,,,,,,,,,,,
Serratia proteamaculans 568,NC_009832.1,,,,,,,,,,,,,
Desulfococcus oleovorans Hxd3,NC_009943.1,,,,,,,,,,,,,
Delftia acidovorans SPH-1,NC_010002.1,,,,,,,,,,,,,
Burkholderia multivorans ATCC 17616,NC_010084.1,NC_010087.1,NC_010086.1,,,,,,,,,,,
Brucella canis ATCC 23365,NC_010103.1,NC_010104.1,,,,,,,,,,,,
Gluconacetobacter diazotrophicus PA1 5,NC_010125.1,,,,,,,,,,,,,
Sorangium cellulosum So ce56,NC_010162.1,,,,,,,,,,,,,
Brucella suis ATCC 23445,NC_010169.1,NC_010167.1,,,,,,,,,,,,
Bordetella petrii,NC_010170.1,,,,,,,,,,,,,
Methylobacterium extorquens PA1,NC_010172.1,,,,,,,,,,,,,
Pseudomonas putida GB-1,NC_010322.1,,,,,,,,,,,,,
Francisella philomiragia subsp. philomiragia ATCC 25017,NC_010336.1,,,,,,,,,,,,,
Caulobacter sp. K31,NC_010338.1,,,,,,,,,,,,,
Yersinia pseudotuberculosis YPIII,NC_010465.1,,,,,,,,,,,,,
Escherichia coli ATCC 8739,NC_010468.1,,,,,,,,,,,,,
Escherichia coli str. K-12 substr. DH10B,NC_010473.1,,,,,,,,,,,,,
Pseudomonas putida W619,NC_010501.1,,,,,,,,,,,,,
Methylobacterium radiotolerans JCM 2831,NC_010505.1,,,,,,,,,,,,,
Burkholderia cenocepacia MC0-3,NC_010508.1,,,,,,,,,,,,,
Methylobacterium sp. 4-46,NC_010511.1,,,,,,,,,,,,,
Burkholderia cenocepacia MC0-3,NC_010515.1,NC_010508.1,NC_010512.1,,,,,,,,,,,
Leptothrix cholodnii SP-6,NC_010524.1,,,,,,,,,,,,,
Cupriavidus taiwanensis LMG 19424,NC_010530.1,NC_010528.1,,,,,,,,,,,,
Burkholderia ambifaria MC40-6,NC_010551.1,NC_010552.1,NC_010557.1,,,,,,,,,,,
Proteus mirabilis HI4320,NC_010554.1,,,,,,,,,,,,,
Xylella fastidiosa M23,NC_010577.1,,,,,,,,,,,,,
Beijerinckia indica subsp. indica ATCC 9039,NC_010581.1,,,,,,,,,,,,,
Burkholderia phymatum STM815,NC_010622.1,NC_010623.1,,,,,,,,,,,,
Yersinia pseudotuberculosis PB1/+,NC_010634.1,,,,,,,,,,,,,
Burkholderia phytofirmans PsJN,NC_010676.1,NC_010681.1,,,,,,,,,,,,
Francisella tularensis subsp. mediasiatica FSC147,NC_010677.1,,,,,,,,,,,,,
Ralstonia pickettii 12J,NC_010678.1,NC_010682.1,,,,,,,,,,,,
Xanthomonas campestris pv. campestris,NC_010688.1,,,,,,,,,,,,,
Erwinia tasmaniensis Et1/99,NC_010694.1,,,,,,,,,,,,,
Methylobacterium populi BJ001,NC_010725.1,,,,,,,,,,,,,
Burkholderia multivorans ATCC 17616,NC_010805.1,NC_010801.1,NC_010804.1,,,,,,,,,,,
Geobacter lovleyi SZ,NC_010814.1,,,,,,,,,,,,,
Stenotrophomonas maltophilia K279a,NC_010943.1,,,,,,,,,,,,,
Rhizobium etli CIAT 652,NC_010994.1,,,,,,,,,,,,,
Cellvibrio japonicus Ueda107,NC_010995.1,,,,,,,,,,,,,
Rhodopseudomonas palustris TIE-1,NC_011004.1,,,,,,,,,,,,,
Stenotrophomonas maltophilia R551-3,NC_011071.1,,,,,,,,,,,,,
Salmonella enterica subsp. enterica serovar Newport str. SL254,NC_011080.1,,,,,,,,,,,,,
Salmonella enterica subsp. enterica serovar Heidelberg str. SL476,NC_011083.1,,,,,,,,,,,,,
Salmonella enterica subsp. enterica serovar Schwarzengrund str. CVM19633,NC_011094.1,,,,,,,,,,,,,
Anaeromyxobacter sp. K,NC_011145.1,,,,,,,,,,,,,
Geobacter bemidjiensis Bem,NC_011146.1,,,,,,,,,,,,,
Salmonella enterica subsp. enterica serovar Agona str. SL483,NC_011149.1,,,,,,,,,,,,,
Salmonella enterica subsp. enterica serovar Dublin str. CT_02021853,NC_011205.1,,,,,,,,,,,,,
Gluconacetobacter diazotrophicus PA1 5,NC_011365.1,,,,,,,,,,,,,
Rhizobium leguminosarum bv. trifolii WSM2304,NC_011369.1,,,,,,,,,,,,,
Oligotropha carboxidovorans OM5,NC_011386.1,,,,,,,,,,,,,
Thauera sp. MZ1T,NC_011662.2,,,,,,,,,,,,,
Methylocella silvestris BL2,NC_011666.1,,,,,,,,,,,,,
Methylobacterium extorquens CM4,NC_011757.1,,,,,,,,,,,,,
Acidithiobacillus ferrooxidans ATCC 23270,NC_011761.1,,,,,,,,,,,,,
Desulfovibrio vulgaris str. 'Miyazaki F',NC_011769.1,,,,,,,,,,,,,
Pseudomonas aeruginosa LESB58,NC_011770.1,,,,,,,,,,,,,
Pseudomonas aeruginosa LESB58,NC_011770.1,,,,,,,,,,,,,
Haemophilus parasuis SH0165,NC_011852.1,,,,,,,,,,,,,
Anaeromyxobacter dehalogenans 2CP-1,NC_011891.1,,,,,,,,,,,,,
Methylobacterium nodulans ORS 2060,NC_011894.1,,,,,,,,,,,,,
Caulobacter crescentus NA1000,NC_011916.1,,,,,,,,,,,,,
Rhodobacter sphaeroides KD131,NC_011958.1,NC_011963.1,,,,,,,,,,,,
Geobacter daltonii FRC-32,NC_011979.1,,,,,,,,,,,,,
Agrobacterium radiobacter K84,NC_011985.1,NC_011983.1,,,,,,,,,,,,
Agrobacterium vitis S4,NC_011988.1,NC_011989.1,,,,,,,,,,,,
Acidovorax ebreus TPSY,NC_011992.1,,,,,,,,,,,,,
Campylobacter lari RM2100,NC_012039.1,,,,,,,,,,,,,
Campylobacter lari RM2100,NC_012039.1,,,,,,,,,,,,,
Erwinia pyrifoliae Ep1/96,NC_012214.1,,,,,,,,,,,,,
Azotobacter vinelandii DJ,NC_012560.1,,,,,,,,,,,,,
Sinorhizobium fredii NGR234,NC_012587.1,,,,,,,,,,,,,
Pseudomonas fluorescens SBW25,NC_012660.1,,,,,,,,,,,,,
Burkholderia glumae BGR1,NC_012724.2,NC_012721.2,,,,,,,,,,,,
Klebsiella pneumoniae subsp. pneumoniae NTUH-K2044,NC_012731.1,,,,,,,,,,,,,
Variovorax paradoxus S110,NC_012792.1,NC_012791.1,,,,,,,,,,,,
Desulfovibrio magneticus RS-1,NC_012796.1,,,,,,,,,,,,,
Rhizobium leguminosarum bv. trifolii WSM1325,NC_012850.1,,,,,,,,,,,,,
Ralstonia pickettii 12D,NC_012856.1,NC_012857.1,,,,,,,,,,,,
Desulfovibrio salexigens DSM 2638,NC_012881.1,,,,,,,,,,,,,
Escherichia coli BL21(DE3),NC_012892.2,,,,,,,,,,,,,
Dickeya zeae Ech1591,NC_012912.1,,,,,,,,,,,,,
Pectobacterium carotovorum subsp. carotovorum PC1,NC_012917.1,,,,,,,,,,,,,
Geobacter sp. M21,NC_012918.1,,,,,,,,,,,,,
Escherichia coli 'BL21-Gold(DE3)pLysS AG',NC_012947.1,,,,,,,,,,,,,
Escherichia coli B str. REL606,NC_012967.1,,,,,,,,,,,,,
Escherichia coli BL21(DE3),NC_012971.2,,,,,,,,,,,,,
Methylobacterium extorquens DM4,NC_012988.1,,,,,,,,,,,,,
Neisseria meningitidis alpha14,NC_013016.1,,,,,,,,,,,,,
Brucella microti CCM 4915,NC_013118.1,NC_013119.1,,,,,,,,,,,,
Desulfomicrobium baculatum DSM 4028,NC_013173.1,,,,,,,,,,,,,
Candidatus Accumulibacter phosphatis clade IIA str. UW-1,NC_013194.1,,,,,,,,,,,,,
Acetobacter pasteurianus IFO 3283-01,NC_013209.1,,,,,,,,,,,,,
Zymomonas mobilis subsp. mobilis NCIMB 11163,NC_013355.1,,,,,,,,,,,,,
Pectobacterium wasabiae WPP163,NC_013421.1,,,,,,,,,,,,,
Comamonas testosteroni CNB-1,NC_013446.2,,,,,,,,,,,,,
Sulfurospirillum deleyianum DSM 6946,NC_013512.1,,,,,,,,,,,,,
Dickeya dadantii Ech586,NC_013592.1,,,,,,,,,,,,,
Xanthomonas albilineans GPE PC73,NC_013722.1,,,,,,,,,,,,,
Klebsiella variicola At-22,NC_013850.1,,,,,,,,,,,,,
Azospirillum sp. B510,NC_013854.1,,,,,,,,,,,,,
Legionella longbeachae NSW150,NC_013861.1,,,,,,,,,,,,,
Xenorhabdus bovienii SS-2004,NC_013892.1,,,,,,,,,,,,,
Escherichia coli O55:H7 str. CB9615,NC_013941.1,,,,,,,,,,,,,
Pantoea ananatis LMG 20103,NC_013956.2,,,,,,,,,,,,,
Erwinia amylovora CFBP1430,NC_013961.1,,,,,,,,,,,,,
Erwinia amylovora ATCC 49946,NC_013971.1,,,,,,,,,,,,,
Sphingobium japonicum UT26S,NC_014013.1,NC_014006.1,,,,,,,,,,,,
Rhodobacter capsulatus SB 1003,NC_014034.1,,,,,,,,,,,,,
Caulobacter segnis ATCC 21756,NC_014100.1,,,,,,,,,,,,,
Burkholderia sp. CCGE1002,NC_014117.1,NC_014118.1,NC_014119.1,,,,,,,,,,,
Enterobacter cloacae subsp. cloacae ATCC 13047,NC_014121.1,,,,,,,,,,,,,
Legionella pneumophila 2300/99 Alcoy,NC_014125.1,,,,,,,,,,,,,
Thiomonas arsenitoxydans,NC_014145.1,,,,,,,,,,,,,
Thiomonas intermedia K12,NC_014153.1,,,,,,,,,,,,,
Arcobacter nitrofigilis DSM 7299,NC_014166.1,,,,,,,,,,,,,
Starkeya novella DSM 506,NC_014217.1,,,,,,,,,,,,,
Xenorhabdus nematophila ATCC 19061,NC_014228.1,,,,,,,,,,,,,
Acinetobacter oleivorans DR1,NC_014259.1,,,,,,,,,,,,,
Erwinia billingiae Eb661,NC_014306.1,,,,,,,,,,,,,
Ralstonia solanacearum CFBP2957,NC_014307.1,,,,,,,,,,,,,
Ralstonia solanacearum PSI07,NC_014311.1,,,,,,,,,,,,,
Hyphomicrobium denitrificans ATCC 51888,NC_014313.1,,,,,,,,,,,,,
Herbaspirillum seropedicae SmR1,NC_014323.1,,,,,,,,,,,,,
Desulfarculus baarsii DSM 2075,NC_014365.1,,,,,,,,,,,,,
Gallionella capsiferriformans ES-2,NC_014394.1,,,,,,,,,,,,,
Dickeya dadantii 3937,NC_014500.1,,,,,,,,,,,,,
Halomonas elongata DSM 2581,NC_014532.1,,,,,,,,,,,,,
Burkholderia sp. CCGE1003,NC_014539.1,NC_014540.1,,,,,,,,,,,,
Pantoea vagans C9-1,NC_014562.1,,,,,,,,,,,,,
Enterobacter lignolyticus SCF1,NC_014618.1,,,,,,,,,,,,,
Stigmatella aurantiaca DW4/3-1,NC_014623.1,,,,,,,,,,,,,
Ketogulonicigenium vulgare Y25,NC_014625.1,,,,,,,,,,,,,
Achromobacter xylosoxidans A8,NC_014640.1,,,,,,,,,,,,,
Burkholderia rhizoxinica HKI 454,NC_014722.1,,,,,,,,,,,,,
Methylovorus sp. MP688,NC_014733.1,,,,,,,,,,,,,
Asticcacaulis excentricus CB 48,NC_014816.1,NC_014817.1,,,,,,,,,,,,
Rhodopseudomonas palustris DX-1,NC_014834.1,,,,,,,,,,,,,
Pantoea sp. At-9b,NC_014837.1,,,,,,,,,,,,,
Desulfovibrio aespoeensis Aspo-2,NC_014844.1,,,,,,,,,,,,,
Alicycliphilus denitrificans BC,NC_014910.1,,,,,,,,,,,,,
Mesorhizobium ciceri biovar biserrulae WSM1271,NC_014923.1,,,,,,,,,,,,,
Pseudoxanthomonas suwonensis 11-1,NC_014924.1,,,,,,,,,,,,,
Variovorax paradoxus EPS,NC_014931.1,,,,,,,,,,,,,
Desulfobulbus propionicus DSM 2032,NC_014972.1,,,,,,,,,,,,,
Geobacter sp. M18,NC_014973.1,,,,,,,,,,,,,
Rahnella sp. Y9602,NC_015061.1,,,,,,,,,,,,,
Burkholderia sp. CCGE1001,NC_015137.1,NC_015136.1,,,,,,,,,,,,
Acidovorax avenae subsp. avenae ATCC 19860,NC_015138.1,,,,,,,,,,,,,
Acidiphilium multivorum AIU301,NC_015186.1,,,,,,,,,,,,,
Nitrosomonas sp. AL212,NC_015222.1,,,,,,,,,,,,,
Polymorphum gilvum SL003B-26A1,NC_015259.1,,,,,,,,,,,,,
Burkholderia gladioli BSR3,NC_015376.1,NC_015381.1,,,,,,,,,,,,
Pseudomonas brassicacearum subsp. brassicacearum NFM421,NC_015379.1,,,,,,,,,,,,,
Pseudomonas mendocina NK-01,NC_015410.1,,,,,,,,,,,,,
Alicycliphilus denitrificans K601,NC_015422.1,,,,,,,,,,,,,
Gallibacterium anatis UMN179,NC_015460.1,,,,,,,,,,,,,
Agrobacterium sp. H13-3,NC_015508.1,NC_015183.1,,,,,,,,,,,,
Pseudomonas fulva 12-X,NC_015556.1,,,,,,,,,,,,,
Delftia sp. Cs1-4,NC_015563.1,,,,,,,,,,,,,
Serratia sp. AS12,NC_015566.1,,,,,,,,,,,,,
Serratia plymuthica AS9,NC_015567.1,,,,,,,,,,,,,
Methylomonas methanica MC09,NC_015572.1,,,,,,,,,,,,,
Novosphingobium sp. PP1Y,NC_015580.1,,,,,,,,,,,,,
Sinorhizobium meliloti AK83,NC_015591.1,NC_015590.1,NC_015596.1,,,,,,,,,,,
Sphingobium chlorophenolicum L-1,NC_015593.1,NC_015594.1,,,,,,,,,,,,
Mesorhizobium opportunistum WSM2075,NC_015675.1,,,,,,,,,,,,,
Ramlibacter tataouinensis TTB310,NC_015677.1,,,,,,,,,,,,,
Oligotropha carboxidovorans OM5,NC_015684.1,,,,,,,,,,,,,
Francisella sp. TX077308,NC_015696.1,,,,,,,,,,,,,
Hyphomicrobium sp. MC1,NC_015717.1,,,,,,,,,,,,,
Cupriavidus necator N-1,NC_015726.1,NC_015723.1,,,,,,,,,,,,
Pseudomonas putida S16,NC_015733.1,,,,,,,,,,,,,
Pseudomonas stutzeri ATCC 17588 = LMG 11199,NC_015740.1,,,,,,,,,,,,,
Collimonas fungivorans Ter331,NC_015856.1,,,,,,,,,,,,,
Brucella pinnipedialis B2/94,NC_015857.1,NC_015858.1,,,,,,,,,,,,
Acidithiobacillus ferrivorans SS3,NC_015942.1,,,,,,,,,,,,,
Stenotrophomonas maltophilia JV3,NC_015947.1,,,,,,,,,,,,,
Enterobacter asburiae LF7a,NC_015968.1,,,,,,,,,,,,,
Sphingobium sp. SYK-6,NC_015976.1,,,,,,,,,,,,,
Pseudogulbenkiania sp. NH8B,NC_016002.1,,,,,,,,,,,,,
Micavibrio aeruginosavorus ARL-13,NC_016026.1,,,,,,,,,,,,,
Pseudoxanthomonas spadix BD-a59,NC_016147.2,,,,,,,,,,,,,
Enterobacter cloacae EcWSU1,NC_016514.1,,,,,,,,,,,,,
Acinetobacter calcoaceticus PHEA-2,NC_016603.1,,,,,,,,,,,,,
Klebsiella oxytoca KCTC 1686,NC_016612.1,,,,,,,,,,,,,
Dechlorosoma suillum PS,NC_016616.1,,,,,,,,,,,,,
Azospirillum brasilense Sp245,NC_016617.1,,,,,,,,,,,,,
Bacteriovorax marinus SJ,NC_016620.1,,,,,,,,,,,,,
Azospirillum lipoferum 4B,NC_016622.1,,,,,,,,,,,,,
Burkholderia sp. YI23,NC_016625.1,NC_016589.1,NC_016590.1,,,,,,,,,,,
Desulfovibrio africanus str. Walvis Bay,NC_016629.1,,,,,,,,,,,,,
Legionella pneumophila subsp. pneumophila ATCC 43290,NC_016811.1,,,,,,,,,,,,,
Sinorhizobium fredii HH103,NC_016812.1,,,,,,,,,,,,,
Pantoea ananatis LMG 5342,NC_016816.1,,,,,,,,,,,,,
Pseudomonas fluorescens F113,NC_016830.1,,,,,,,,,,,,,
Salmonella enterica subsp. enterica serovar Gallinarum/pullorum str. RKS5078,NC_016831.1,,,,,,,,,,,,,
Salmonella enterica subsp. enterica serovar Typhi str. P-stx-12,NC_016832.1,,,,,,,,,,,,,
Klebsiella pneumoniae subsp. pneumoniae HS11286,NC_016845.1,,,,,,,,,,,,,
Salmonella enterica subsp. enterica serovar Typhimurium str. D23580,NC_016854.1,,,,,,,,,,,,,
Salmonella enterica subsp. enterica serovar Typhimurium str. 14028S,NC_016856.1,,,,,,,,,,,,,
Salmonella enterica subsp. enterica serovar Typhimurium str. ST4/74,NC_016857.1,,,,,,,,,,,,,
Salmonella enterica subsp. enterica serovar Typhimurium str. T000240,NC_016860.1,,,,,,,,,,,,,
Salmonella enterica subsp. enterica serovar Typhimurium str. UK-1,NC_016863.1,,,,,,,,,,,,,
Corallococcus coralloides DSM 2259,NC_017030.1,,,,,,,,,,,,,
Salmonella enterica subsp. enterica serovar Typhimurium str. 798,NC_017046.1,,,,,,,,,,,,,
Rahnella aquatilis HX2,NC_017047.1,,,,,,,,,,,,,
Rhodospirillum photometricum DSM 122,NC_017059.1,,,,,,,,,,,,,
Bradyrhizobium sp. S23321,NC_017082.1,,,,,,,,,,,,,
Acetobacter pasteurianus IFO 3283-03,NC_017100.1,,,,,,,,,,,,,
Acetobacter pasteurianus IFO 3283-12,NC_017108.1,,,,,,,,,,,,,
Acetobacter pasteurianus IFO 3283-32,NC_017111.1,,,,,,,,,,,,,
Acetobacter pasteurianus IFO 3283-07,NC_017121.1,,,,,,,,,,,,,
Acetobacter pasteurianus IFO 3283-07,NC_017121.1,,,,,,,,,,,,,
Acetobacter pasteurianus IFO 3283-22,NC_017125.1,,,,,,,,,,,,,
Acetobacter pasteurianus IFO 3283-26,NC_017146.1,,,,,,,,,,,,,
Acetobacter pasteurianus IFO 3283-01-42C,NC_017150.1,,,,,,,,,,,,,
Yersinia pestis A1122,NC_017168.1,,,,,,,,,,,,,
Brucella melitensis M5-90,NC_017246.1,NC_017247.1,,,,,,,,,,,,
Bradyrhizobium japonicum USDA 6,NC_017249.1,,,,,,,,,,,,,
Desulfovibrio vulgaris RCH1,NC_017310.1,,,,,,,,,,,,,
Sinorhizobium meliloti BL225C,NC_017322.1,,,,,,,,,,,,,
Sinorhizobium meliloti SM11,NC_017325.1,,,,,,,,,,,,,
Ketogulonicigenium vulgare WSH-001,NC_017384.1,,,,,,,,,,,,,
Erwinia pyrifoliae DSM 12163,NC_017390.1,,,,,,,,,,,,,
Erwinia sp. Ejp617,NC_017445.1,,,,,,,,,,,,,
Francisella cf. tularensis subsp. novicida 3523,NC_017449.1,,,,,,,,,,,,,
Francisella cf. novicida Fx1,NC_017450.1,,,,,,,,,,,,,
Geobacter sulfurreducens KN400,NC_017454.1,,,,,,,,,,,,,
Pseudomonas putida BIRD-1,NC_017530.1,,,,,,,,,,,,,
Pantoea ananatis AJ13355,NC_017531.1,,,,,,,,,,,,,
Pseudomonas stutzeri DSM 4166,NC_017532.1,,,,,,,,,,,,,
Pseudomonas aeruginosa M18,NC_017548.1,,,,,,,,,,,,,
Pseudomonas aeruginosa NCGM2.S1,NC_017549.1,,,,,,,,,,,,,
Pantoea ananatis PA13,NC_017554.1,,,,,,,,,,,,,
Ralstonia solanacearum CMR15,NC_017559.1,,,,,,,,,,,,,
Shewanella putrefaciens 200,NC_017566.1,,,,,,,,,,,,,
Serratia sp. AS13,NC_017573.1,,,,,,,,,,,,,
Ralstonia solanacearum Po82,NC_017574.1,,,,,,,,,,,,,
Escherichia coli W,NC_017635.1,,,,,,,,,,,,,
Escherichia coli NA114,NC_017644.1,,,,,,,,,,,,,
Escherichia coli str. 'clone D i2',NC_017651.1,,,,,,,,,,,,,
Escherichia coli W,NC_017664.1,,,,,,,,,,,,,
Stenotrophomonas maltophilia D457,NC_017671.1,,,,,,,,,,,,,
Pectobacterium sp. SCC3193,NC_017845.1,,,,,,,,,,,,,
Pseudomonas fluorescens A506,NC_017911.1,,,,,,,,,,,,,
Burkholderia sp. KJ006,NC_017921.1,NC_017922.1,NC_017920.1,,,,,,,,,,,
Advenella kashmirensis WT001,NC_017964.1,,,,,,,,,,,,,
Pseudomonas putida ND6,NC_017986.1,,,,,,,,,,,,,
Sinorhizobium fredii USDA 257,NC_018000.1,,,,,,,,,,,,,
Sulfurospirillum barnesii SES-3,NC_018002.1,,,,,,,,,,,,,
Pseudomonas stutzeri CCUG 29243,NC_018028.1,,,,,,,,,,,,,
Enterobacter cloacae subsp. dissolvens SDM,NC_018079.1,,,,,,,,,,,,,
Pseudomonas aeruginosa DK2,NC_018080.1,,,,,,,,,,,,,
Legionella pneumophila subsp. pneumophila,NC_018139.1,,,,,,,,,,,,,
Legionella pneumophila subsp. pneumophila,NC_018140.1,,,,,,,,,,,,,
Pseudomonas stutzeri DSM 10701,NC_018177.1,,,,,,,,,,,,,
Pseudomonas putida DOT-T1E,NC_018220.1,,,,,,,,,,,,,
Methylocystis sp. SC2,NC_018485.1,,,,,,,,,,,,,
Burkholderia cepacia GG4,NC_018513.1,NC_018514.1,,,,,,,,,,,,
Pectobacterium carotovorum subsp. carotovorum PCC21,NC_018525.1,,,,,,,,,,,,,
Burkholderia pseudomallei BPC006,NC_018529.1,NC_018527.1,,,,,,,,,,,,
Burkholderia phenoliruptrix BR3459a,NC_018672.1,NC_018695.1,,,,,,,,,,,,
Sinorhizobium meliloti Rm41,NC_018700.1,,,,,,,,,,,,,
Acidovorax sp. KKS102,NC_018708.1,,,,,,,,,,,,,
Campylobacter jejuni subsp. jejuni PT14,NC_018709.2,,,,,,,,,,,,,
Campylobacter jejuni jejuni PT14,NC_018709.3,,,,,,,,,,,,,
Bordetella bronchiseptica 253,NC_019382.1,,,,,,,,,,,,,
Bdellovibrio bacteriovorus str. Tiberius,NC_019567.1,,,,,,,,,,,,,
Pseudomonas sp. UW4,NC_019670.1,,,,,,,,,,,,,
Sinorhizobium meliloti GR4,NC_019845.1,,,,,,,,,,,,,
Pseudomonas stutzeri RCH2,NC_019936.1,,,,,,,,,,,,,
Mesorhizobium australicum WSM2073,NC_019973.1,,,,,,,,,,,,,
Rhizobium tropici CIAT 899,NC_020059.1,,,,,,,,,,,,,
Myxococcus stipitatus DSM 14675,NC_020126.1,,,,,,,,,,,,,
Pseudomonas poae RE*1-1-14,NC_020209.1,,,,,,,,,,,,,
Serratia marcescens WW4,NC_020211.1,,,,,,,,,,,,,
beta proteobacterium CB,NC_020417.1,,,,,,,,,,,,,
Morganella morganii subsp. morganii KT,NC_020418.1,,,,,,,,,,,,,
Bradyrhizobium oligotrophicum S58,NC_020453.1,,,,,,,,,,,,,
Azoarcus sp. KH32C,NC_020516.1,,,,,,,,,,,,,
Sinorhizobium meliloti 2011,NC_020528.1,,,,,,,,,,,,,
Rhodanobacter denitrificans,NC_020541.1,,,,,,,,,,,,,
Sphingomonas sp. MM-1,NC_020561.1,,,,,,,,,,,,,
Ralstonia solanacearum FQY_4,NC_020799.1,,,,,,,,,,,,,
Micavibrio aeruginosavorus EPB,NC_020812.1,,,,,,,,,,,,,
Bdellovibrio exovorus JSS,NC_020813.1,,,,,,,,,,,,,
Pseudomonas denitrificans ATCC 13867,NC_020829.1,,,,,,,,,,,,,
Pseudomonas aeruginosa B136-33,NC_020912.1,,,,,,,,,,,,,
Raoultella ornithinolytica B6,NC_021066.1,,,,,,,,,,,,,
Azotobacter vinelandii CA,NC_021149.1,,,,,,,,,,,,,
Azotobacter vinelandii CA6,NC_021150.1,,,,,,,,,,,,,
Hyphomicrobium denitrificans 1NES1,NC_021172.1,,,,,,,,,,,,,
Burkholderia thailandensis MSMB121,NC_021174.1,NC_021173.1,,,,,,,,,,,,
Salmonella enterica subsp. enterica serovar Typhi str. Ty21a,NC_021176.1,,,,,,,,,,,,,
Pseudomonas protegens CHA0,NC_021237.1,,,,,,,,,,,,,
Pseudomonas putida H8234,NC_021491.1,,,,,,,,,,,,,
Enterobacter sp. R4-368,NC_021500.1,,,,,,,,,,,,,
Pseudomonas aeruginosa RP73,NC_021577.1,,,,,,,,,,,,,
Serratia plymuthica 4Rx13,NC_021591.1,,,,,,,,,,,,,
Sorangium cellulosum So0157-2,NC_021658.1,,,,,,,,,,,,,
Serratia plymuthica S13,NC_021659.1,,,,,,,,,,,,,
Acinetobacter baumannii BJAB07104,NC_021726.1,,,,,,,,,,,,,
Acinetobacter baumannii BJAB0868,NC_021729.1,,,,,,,,,,,,,
Acinetobacter baumannii BJAB0715,NC_021733.1,,,,,,,,,,,,,
Serratia liquefaciens ATCC 27592,NC_021741.1,,,,,,,,,,,,,
Salmonella enterica subsp. enterica serovar Newport str. USMARC-S3124.1,NC_021902.1,,,,,,,,,,,,,
Rhizobium etli bv. mimosae str. Mim1,NC_021905.1,,,,,,,,,,,,,
Acetobacter pasteurianus 386B,NC_021991.1,,,,,,,,,,,,,
Proteus mirabilis BB2000,NC_022000.1,,,,,,,,,,,,,
Paracoccus aminophilus JCM 7686,NC_022041.1,,,,,,,,,,,,,
Variovorax paradoxus B4,NC_022247.1,NC_022234.1,,,,,,,,,,,,
Ralstonia pickettii DTP0602,NC_022515.1,NC_022514.1,NC_022513.1,,,,,,,,,,,
Klebsiella pneumoniae CG43,NC_022566.1,,,,,,,,,,,,,
Campylobacter coli 15-537360,NC_022660.1,,,,,,,,,,,,,
Pseudomonas sp. VLB120,NC_022738.1,,,,,,,,,,,,,
Pandoraea pnomenusa 3kgm,NC_022904.1,NC_022904.1,,,,,,,,,,,,
Hyphomicrobium nitrativorans NL23,NC_022997.1,,,,,,,,,,,,,
Pseudomonas aeruginosa MTB-1,NC_023019.1,,,,,,,,,,,,,
Achromobacter xylosoxidans NBRC 15126 = ATCC 27061,NC_023061.1,,,,,,,,,,,,,
Pseudomonas sp. TKP,NC_023064.1,,,,,,,,,,,,,
Pseudomonas monteilii SB3078,NC_023075.1,,,,,,,,,,,,,
Pseudomonas monteilii SB3101,NC_023076.1,,,,,,,,,,,,,
Pseudomonas aeruginosa SCV20265,NC_023149.1,,,,,,,,,,,,,
Pseudomonas syringae pv. syringae B64,NZ_CM001763.1,,,,,,,,,,,,,
Agrobacterium tumefaciens WRT31,NZ_CM002025.1,NZ_CM002024.1,,,,,,,,,,,,
Xanthomonas cassavae CFBP 4642,NZ_CM002139.1,,,,,,,,,,,,,
Pseudomonas moraviensis R28,NZ_CM002330.1,,,,,,,,,,,,,
Ralstonia solanacearum Rs-10-244,NZ_CM002755.1,,,,,,,,,,,,,
Ralstonia solanacearum Rs-09-161,NZ_CM002757.1,,,,,,,,,,,,,
Mesorhizobium ciceri ca181,NZ_CM002796.1,,,,,,,,,,,,,
Bdellovibrio bacteriovorus W,NZ_CP002190.1,,,,,,,,,,,,,
Granulibacter bethesdensis CGDNIH3,NZ_CP003181.1,,,,,,,,,,,,,
Granulibacter bethesdensis CGDNIH3,NZ_CP003181.1,,,,,,,,,,,,,
Advenella mimigardefordensis DPN7,NZ_CP003915.1,,,,,,,,,,,,,
Klebsiella pneumoniae subsp. pneumoniae Kp13,NZ_CP003999.1,,,,,,,,,,,,,
Burkholderia thailandensis USAMRU Malaysia #20,NZ_CP004383.1,NZ_CP004384.1,,,,,,,,,,,,
Mesorhizobium huakuii 7653R,NZ_CP006581.1,,,,,,,,,,,,,
Sphingomonas sanxanigenens DSM 19645 = NX02,NZ_CP006644.1,,,,,,,,,,,,,
Xylella fastidiosa subsp. sandyi Ann-1,NZ_CP006696.1,,,,,,,,,,,,,
Comamonas testosteroni TK102,NZ_CP006704.1,,,,,,,,,,,,,
Pseudomonas aeruginosa c7447m,NZ_CP006728.1,,,,,,,,,,,,,
Brucella suis bv. 1 str. S2,NZ_CP006961.1,NZ_CP006962.1,,,,,,,,,,,,
Pseudomonas aeruginosa LESB65,NZ_CP006983.1,,,,,,,,,,,,,
Rhizobium etli bv. mimosae str. IE4771,NZ_CP006986.1,,,,,,,,,,,,,
Pseudomonas syringae CC1557,NZ_CP007014.1,,,,,,,,,,,,,
Pseudomonas cichorii JBC1,NZ_CP007039.1,,,,,,,,,,,,,
Serratia fonticola RB-25,NZ_CP007044.2,,,,,,,,,,,,,
Rhizobium leguminosarum bv. trifolii WSM1689,NZ_CP007045.1,,,,,,,,,,,,,
Rhizobium leguminosarum bv. trifolii CB782,NZ_CP007067.1,,,,,,,,,,,,,
Sulfurospirillum multivorans DSM 12446,NZ_CP007201.1,,,,,,,,,,,,,
Agrobacterium tumefaciens LBA4213 (Ach5),NZ_CP007225.1,NZ_CP007226.1,,,,,,,,,,,,
Yersinia similis,NZ_CP007230.1,,,,,,,,,,,,,
Ensifer adhaerens OV14,NZ_CP007236.1,NZ_CP007237.1,,,,,,,,,,,,
Pseudomonas brassicacearum,NZ_CP007410.1,,,,,,,,,,,,,
Pseudomonas stutzeri,NZ_CP007441.1,,,,,,,,,,,,,
Neorickettsia helminthoeca str. Oregon,NZ_CP007481.1,,,,,,,,,,,,,
Pandoraea pnomenusa,NZ_CP007506.1,,,,,,,,,,,,,
Enterobacter asburiae L1,NZ_CP007546.1,,,,,,,,,,,,,
Citrobacter freundii CFNIH1,NZ_CP007557.1,,,,,,,,,,,,,
Bradyrhizobium japonicum SEMIA 5079,NZ_CP007569.1,,,,,,,,,,,,,
Stenotrophomonas rhizophila strain DSM14405,NZ_CP007597.1,,,,,,,,,,,,,
Pseudomonas putida,NZ_CP007620.1,,,,,,,,,,,,,
Pseudomonas sp. WCS374,NZ_CP007638.1,,,,,,,,,,,,,
Bdellovibrio bacteriovorus,NZ_CP007656.1,,,,,,,,,,,,,
Brucella abortus,NZ_CP007663.1,NZ_CP007662.1,,,,,,,,,,,,
Brucella abortus,NZ_CP007681.1,NZ_CP007680.1,,,,,,,,,,,,
Brucella abortus,NZ_CP007682.1,NZ_CP007683.1,,,,,,,,,,,,
Brucella abortus bv. 9 str. C68,NZ_CP007705.1,NZ_CP007706.1,,,,,,,,,,,,
Brucella abortus bv. 6 str. 870,NZ_CP007709.1,NZ_CP007710.1,,,,,,,,,,,,
Brucella suis bv. 3 str. 686,NZ_CP007719.1,NZ_CP007718.1,,,,,,,,,,,,
Brucella melitensis bv. 3 str. Ether,NZ_CP007760.1,NZ_CP007761.1,,,,,,,,,,,,
Brucella melitensis bv. 1 str. 16M,NZ_CP007763.1,NZ_CP007762.1,,,,,,,,,,,,
Brucella abortus bv. 2 str. 86/8/59,NZ_CP007765.1,NZ_CP007764.1,,,,,,,,,,,,
Burkholderia cenocepacia,NZ_CP007783.1,NZ_CP007784.1,NZ_CP007782.1,,,,,,,,,,,
Burkholderia cepacia,NZ_CP007787.1,NZ_CP007786.1,NZ_CP007785.1,,,,,,,,,,,
Brucella melitensis bv. 2 str. 63/9,NZ_CP007789.1,NZ_CP007788.1,,,,,,,,,,,,
Azospirillum brasilense,NZ_CP007793.1,,,,,,,,,,,,,
Pseudomonas chlororaphis,NZ_CP008696.1,,,,,,,,,,,,,
Burkholderia multivorans,NZ_CP008730.1,NZ_CP008729.1,NZ_CP008728.1,,,,,,,,,,,
Burkholderia xenovorans,NZ_CP008760.1,NZ_CP008762.1,NZ_CP008761.1,,,,,,,,,,,
Klebsiella oxytoca,NZ_CP008841.1,,,,,,,,,,,,,
Dyella japonica A8,NZ_CP008884.1,,,,,,,,,,,,,
Pseudomonas fluorescens,NZ_CP008896.1,,,,,,,,,,,,,
Pasteurella multocida,NZ_CP008918.1,,,,,,,,,,,,,
Providencia stuartii,NZ_CP008920.1,,,,,,,,,,,,,
Yersinia pseudotuberculosis,NZ_CP008943.1,,,,,,,,,,,,,
Escherichia coli O157:H7 str. EDL933,NZ_CP008957.1,,,,,,,,,,,,,
Pseudomonas alkylphenolia,NZ_CP009048.1,,,,,,,,,,,,,
Escherichia coli ATCC 25922,NZ_CP009072.1,,,,,,,,,,,,,
Pectobacterium atrosepticum,NZ_CP009125.1,,,,,,,,,,,,,
Sinorhizobium meliloti,NZ_CP009144.1,,,,,,,,,,,,,
Serratia marcescens subsp. marcescens Db11,NZ_HG326223.1,,,,,,,,,,,,,
Rhizobium sp. LPU83,NZ_HG916852.1,,,,,,,,,,,,,
Neorhizobium galegae bv. orientalis str. HAMBI 540,NZ_HG938353.1,,,,,,,,,,,,,
Neorhizobium galegae bv. officinalis bv. officinalis str. HAMBI 1141,NZ_HG938355.1,,,,,,,,,,,,,
Leptospira interrogans serovar Lai str. 56601,NC_004342.2,NC_004343.2,,,,,,,,,,,,
Leptospira interrogans serovar Copenhageni str. Fiocruz L1-130,NC_005824.1,NC_005823.1,,,,,,,,,,,,
Leptospira borgpetersenii serovar Hardjo-bovis str. L550,NC_008508.1,NC_008509.1,,,,,,,,,,,,
Leptospira borgpetersenii serovar Hardjo-bovis str. JB197,NC_008510.1,NC_008511.1,,,,,,,,,,,,
Borrelia turicatae 91E135,NC_008710.1,,,,,,,,,,,,,
Leptospira biflexa serovar Patoc strain 'Patoc 1 (Paris)',NC_010602.1,NC_010843.1,,,,,,,,,,,,
Leptospira biflexa serovar Patoc strain 'Patoc 1 (Ames)',NC_010842.1,NC_010845.1,,,,,,,,,,,,
Brachyspira pilosicoli 95/1000,NC_014330.1,,,,,,,,,,,,,
Spirochaeta smaragdinae DSM 11293,NC_014364.1,,,,,,,,,,,,,
Treponema azotonutricium ZAS-9,NC_015577.1,,,,,,,,,,,,,
Treponema primitia ZAS-2,NC_015578.1,,,,,,,,,,,,,
Leptospira interrogans serovar Lai str. IPAV,NC_017552.1,NC_017551.1,,,,,,,,,,,,
Thermovirga lienii DSM 17291,NC_016148.1,,,,,,,,,,,,,
Acholeplasma laidlawii PG-8A,NC_010163.1,,,,,,,,,,,,,
Mycoplasma hyopneumoniae 7422,NC_021831.1,,,,,,,,,,,,,
Thermotoga thermarum DSM 5069,NC_015707.1,,,,,,,,,,,,,
Fervidobacterium pennivorans DSM 9078,NC_017095.1,,,,,,,,,,,,,
Thermotoga hypogea NBRC 106472,NC_022795.1,,,,,,,,,,,,,
Thermobaculum terrenum ATCC BAA-798,NC_013526.1,NC_013525.1,,,,,,,,,,,,
Candida glabrata,NC_005967.2,NC_005968.1,NC_006026.1,NC_006027.1,NC_006028.2,NC_006029.1,NC_006030.1,NC_006031.1,NC_006032.2,NC_006033.2,NC_006034.2,NC_006035.2,NC_006036.2,NC_004691.1
Kluyveromyces lactis,NC_006037.1,NC_006038.1,NC_006039.1,NC_006040.1,NC_006041.1,NC_006042.1,NC_006077.1,,,,,,,
Debaryomyces hansenii CBS767,NC_006043.2,NC_006044.2,NC_006045.2,NC_006046.2,NC_006047.2,NC_006048.2,NC_006049.2,NC_010166.1,,,,,,
Cryptococcus neoformans var. neoformans JEC21,NC_006670.1,NC_006684.1,NC_006685.1,NC_006686.1,NC_006687.1,NC_006691.1,NC_006692.1,NC_006693.1,NC_006694.1,NC_006679.1,NC_006680.1,NC_006681.1,NC_006682.1,NC_006683.1
Lachancea thermotolerans CBS 6340,NC_013077.1,NC_013078.1,NC_013079.1,NC_013080.1,NC_013081.1,NC_013082.1,NC_013083.1,NC_013084.1,,,,,,
Myceliophthora thermophila ATCC 42464,NC_016472.1,NC_016473.1,NC_016474.1,NC_016475.1,NC_016476.1,NC_016477.1,NC_016478.1,,,,,,,